O.NET.SOC.Code,Title,Originality,Manual Dexterity,Finger Dexterity,Social Perceptiveness,Persuasion,Negotiation,Concern for Others,Innovation,Thinking Creatively,Category.Label,Training.set.automatable.labels
11-1011.00,Chief Executives,3.88,1,2.25,4.25,4.12,4.12,4.22,4.27,3.86,1,0
11-1011.03,Chief Sustainability Officers,3.88,1,1.75,3.88,3.88,3.12,4,4.48,4.33,1,
11-1021.00,General and Operations Managers,3,1.5,1.75,4,3.38,3.62,4.06,3.65,3.32,1,
11-2011.00,Advertising and Promotions Managers,3.75,1.38,1.62,4,3.38,3.12,3.81,3.99,4.05,1,
11-2021.00,Marketing Managers,3.62,1,1.75,3.88,3.75,3.62,3.37,4.15,4.28,1,
11-2022.00,Sales Managers,3.62,1.5,1.75,3.88,4.12,3.88,3.74,4.13,4.36,1,
11-3012.00,Administrative Services Managers,3,2,2.5,3.25,3,3.62,4.03,3.85,3.46,1,
11-3021.00,Computer and Information Systems Managers,3.25,2.12,2.12,3.62,3.12,3,3.71,3.7,3.58,1,
11-3031.00,Financial Managers,3,1.38,2,3.75,3.62,3.12,3.71,3.33,3.46,1,
11-3031.01,Treasurers and Controllers,3.25,1.12,2.12,3.12,3,3.12,3.64,3.71,3.62,1,
11-3031.03,Investment Fund Managers,3.38,1,2.25,3,3.12,3,3.04,3.35,3.73,1,
11-3051.00,Industrial Production Managers,3.12,2.25,2.5,3.5,3.12,3.25,4.1,3.75,3.57,1,
11-3051.01,Quality Control Systems Managers,3,2.75,3,3.5,3.25,3.12,3.64,3.84,3.36,1,
11-3051.02,Geothermal Production Managers,2.88,2.25,2.88,3.5,3,3,4.06,4.35,3.69,1,
11-3051.03,Biofuels Production Managers,3.12,2.38,2.25,3.38,3.12,3,3.66,4.06,3.53,1,
11-3051.04,Biomass Power Plant Managers,2.88,2.25,2.62,3.25,3,2.88,4.13,3.51,3.61,1,
11-3051.06,Hydroelectric Production Managers,3.12,2.25,2.38,3.25,3.38,3.25,3.58,3.68,3.45,1,
11-3061.00,Purchasing Managers,3.75,1,1.5,4,3.75,3.75,3.81,3.67,3.57,1,
11-3071.00,"Transportation, Storage, and Distribution Managers",3.16,1.79,2.04,3.29,3.42,3.46,3.71,3.74,3.67,1,
11-3071.04,Supply Chain Managers,3.25,1,1.88,3.75,3.62,3.75,3.67,3.9,3.9,1,
11-3111.00,Compensation and Benefits Managers,3.12,1.38,1.88,3.5,3.25,3.12,3.9,3.62,3.29,1,
11-3121.00,Human Resources Managers,3.38,1.38,2,3.88,3.62,3.88,4.38,3.58,3.67,1,
11-3131.00,Training and Development Managers,3.88,1.62,2.25,3.88,3.75,3.12,4.15,3.67,4.04,1,
11-9013.00,"Farmers, Ranchers, and Other Agricultural Managers",3.04,2.88,2.83,3.33,3.25,3.25,3.69,3.98,3.9,1,
11-9021.00,Construction Managers,3,1.12,1.75,3.38,3,3.62,3.55,3.3,3.35,1,
11-9031.00,"Education and Childcare Administrators, Preschool and Daycare",3.25,1.88,2,3.88,3.38,3.62,4.37,3.97,3.76,1,
11-9032.00,"Education Administrators, Kindergarten through Secondary",3.75,1.12,1.75,4.25,3.38,3.62,4.43,4.17,4,1,
11-9033.00,"Education Administrators, Postsecondary",3.88,1,1.62,3.75,3.62,3.62,4.28,3.97,4.11,1,
11-9041.00,Architectural and Engineering Managers,3.62,2,2.12,3.5,3.12,3.12,3.27,4.09,4.22,1,
11-9041.01,Biofuels/Biodiesel Technology and Product Development Managers,3.5,2.38,2.88,2.88,3,2.88,3.47,3.7,4.05,1,
11-9051.00,Food Service Managers,2.75,3,3,3.62,3.12,3.12,4.35,3.59,2.5,1,
11-9071.00,Gambling Managers,2.75,1.88,2.25,3.88,3.62,3.38,4.03,3.71,3.21,1,
11-9081.00,Lodging Managers,3.38,2,2.5,4,3.75,3.88,4.34,4.09,3.98,1,
11-9111.00,Medical and Health Services Managers,3.12,1.62,1.88,3.88,3.62,3.5,3.77,3.88,3.52,1,
11-9121.00,Natural Sciences Managers,3.38,1.5,2,3.38,3.25,3.12,3.77,3.67,3.87,1,
11-9121.01,Clinical Research Coordinators,2.88,1,2,3.62,3,2.88,4.44,3.69,3.13,1,
11-9121.02,Water Resource Specialists,3.25,1.12,1.75,3,3.12,3,3.14,3.59,3.73,1,
11-9131.00,Postmasters and Mail Superintendents,3,1,2.25,4,3.25,3.62,4.21,3.77,3.27,1,
11-9141.00,"Property, Real Estate, and Community Association Managers",2.75,1,1.5,3.25,3.25,3.5,3.9,3.15,3.35,1,
11-9151.00,Social and Community Service Managers,3.75,1.5,2.25,4,3.25,3.25,4.47,3.89,3.87,1,0
11-9161.00,Emergency Management Directors,3.75,1.62,1.62,3.75,3.75,3.62,3.92,3.76,3.92,1,
11-9171.00,Funeral Home Managers,2.75,2.12,2.62,3.75,3.38,3.38,4.58,3.36,2.93,1,
11-9179.01,Fitness and Wellness Coordinators,3.25,2.12,2.12,3.88,3.38,3.12,4.57,3.83,3.71,1,
11-9179.02,Spa Managers,3.12,1.88,2.38,3.88,3.75,3.25,4.53,4.03,3.98,1,
11-9199.01,Regulatory Affairs Managers,3,1,1.62,3.25,3.12,3.12,3.14,3.18,3.52,1,
11-9199.02,Compliance Managers,2.88,1.62,1.75,3.5,3.62,3.12,3.96,3.67,3.61,1,
11-9199.08,Loss Prevention Managers,3.38,2.12,2.12,3.62,3.75,3.5,4,3.36,3.57,1,
11-9199.09,Wind Energy Operations Managers,3,2.25,2.25,3.75,3.62,3.12,3.91,3.49,3.91,1,
11-9199.10,Wind Energy Development Managers,2.88,1.38,1.62,3.5,3.25,3.38,3.3,3.47,3.47,1,
11-9199.11,Brownfield Redevelopment Specialists and Site Managers,3.12,1.12,1.88,3.25,3.12,3.5,3.18,3.5,3.57,1,
13-1011.00,"Agents and Business Managers of Artists, Performers, and Athletes",3.12,1.25,1.62,3.88,4,4,3.71,3.65,4.01,1,
13-1021.00,"Buyers and Purchasing Agents, Farm Products",3,1.75,2.12,3.12,3.38,3.38,3.56,3.08,3.45,1,
13-1022.00,"Wholesale and Retail Buyers, Except Farm Products",3,2,2,3.25,3.75,4,3.73,3.58,3.3,1,
13-1023.00,"Purchasing Agents, Except Wholesale, Retail, and Farm Products",3,1.38,1.75,3.5,3.75,4,3.26,3.43,3.74,1,
13-1031.00,"Claims Adjusters, Examiners, and Investigators",2.75,1.75,2.44,3.25,3,3.69,4.11,3.68,3.21,1,
13-1032.00,"Insurance Appraisers, Auto Damage",2.38,2.12,2.12,3,2.88,2.88,3.95,2.99,3.09,1,
13-1041.00,Compliance Officers,2.88,2.38,2.38,3.62,3,3,4.04,3.34,2.95,1,0
13-1041.01,Environmental Compliance Inspectors,2.88,1.88,2.5,3.25,2.75,2.88,3.2,2.6,2.9,1,
13-1041.03,Equal Opportunity Representatives and Officers,2.88,1,2,4,3.25,3,4.11,3.13,3.14,1,
13-1041.04,Government Property Inspectors and Investigators,2.88,2.38,2.75,3.38,3,3,4.04,3.43,3.12,1,
13-1041.06,Coroners,3,3,3,3.62,2.62,2.62,4.55,3.32,3.05,1,
13-1041.07,Regulatory Affairs Specialists,2.88,1,2.25,3.38,3,3.12,2.95,3.25,2.9,1,
13-1041.08,Customs Brokers,2.88,1,1.62,3,2.88,3,3.3,2.95,3.16,1,
13-1051.00,Cost Estimators,2.88,1.25,1.75,3.12,3,3.12,3,3.59,3.59,1,1
13-1071.00,Human Resources Specialists,2.75,1.5,1.88,3.38,2.88,3,4.37,3.75,3.31,1,
13-1074.00,Farm Labor Contractors,2,2.38,2,3,2.62,2.75,3.88,2.97,1.72,1,1
13-1075.00,Labor Relations Specialists,3.5,1,1,3.88,4.12,4.25,4.05,3.9,4.1,1,
13-1081.00,Logisticians,3.5,1,2,3.62,3.25,3.25,3.71,3.62,3.5,1,
13-1081.01,Logistics Engineers,3.25,1.38,2.12,3.12,3.12,2.88,3.05,3.7,3.74,1,
13-1081.02,Logistics Analysts,3.12,1.5,2,3,2.88,2.88,3.18,3.27,3.59,1,
13-1111.00,Management Analysts,3.25,1,1.75,3.88,3.12,3,3.96,4.31,4.12,1,
13-1121.00,"Meeting, Convention, and Event Planners",3.62,2.25,2.38,3.88,3.5,3.38,4.24,4.07,3.99,1,
13-1131.00,Fundraisers,3.25,1,1.88,3.62,4,3.88,4.33,3.38,4.38,1,
13-1141.00,"Compensation, Benefits, and Job Analysis Specialists",3,1.38,1.88,3.12,3.12,3,3.75,3.71,3.33,1,
13-1151.00,Training and Development Specialists,3.75,1.12,2.25,4,3.12,3,4.14,3.97,4.5,1,
13-1161.00,Market Research Analysts and Marketing Specialists,3.38,1.12,1.88,3.12,3.12,2.62,3.22,3.83,4.14,1,1
13-1161.01,Search Marketing Strategists,3.25,1.38,1.62,3,3.25,3,2.57,4,4.36,1,
13-1199.04,Business Continuity Planners,3.88,1,1.75,3.38,3.12,3.12,3.5,3.36,3.73,1,
13-1199.05,Sustainability Specialists,3.5,1,1.75,3.12,3.12,3,3.78,4,3.74,1,
13-1199.06,Online Merchants,2.75,1.38,2.38,3.12,3.38,3.12,3.53,3.82,3.34,1,
13-2011.00,Accountants and Auditors,3,1.19,1.87,3.06,3.12,3,3.26,3.07,3.33,1,1
13-2023.00,Appraisers and Assessors of Real Estate,2.75,1.94,2.25,3.19,2.81,2.69,3.19,2.8,2.87,1,
13-2031.00,Budget Analysts,2.88,1,1.62,3,2.5,2.5,3.4,3.02,2.86,1,
13-2041.00,Credit Analysts,2.62,1.62,2,3,2.38,2.38,2.55,2.65,2.6,1,1
13-2052.00,Personal Financial Advisors,3,1,1.75,3.62,3.62,3,4.3,2.95,3.39,1,
13-2053.00,Insurance Underwriters,2.88,1.75,1.88,3,2.88,2.75,2.93,2.7,2.97,1,1
13-2061.00,Financial Examiners,3,1.12,1.75,3.62,2.88,2.88,3.04,2.64,2.43,1,
13-2071.00,Credit Counselors,2.88,1.5,2,3.12,3.38,3.25,4.68,3.48,3.22,1,
13-2072.00,Loan Officers,2.12,2,2,3.25,2.88,2.88,3.67,3.01,3.26,1,1
13-2081.00,"Tax Examiners and Collectors, and Revenue Agents",2.5,2,2.88,3.12,3,2.88,4.04,3.77,3.04,1,
13-2082.00,Tax Preparers,2.75,1.88,2,3,2.5,2.62,3.73,2.73,2.77,1,
13-2099.01,Financial Quantitative Analysts,3.12,1.88,2,3,3.25,2.62,2.3,3.96,3.91,1,
13-2099.04,"Fraud Examiners, Investigators and Analysts",3.12,1,1.62,3.38,3.25,3.25,3.52,3.84,3.8,1,
15-1211.00,Computer Systems Analysts,3,1.75,2.88,3,2.75,2.5,3.56,3.72,3.94,2,
15-1211.01,Health Informatics Specialists,3.88,2,2.38,3.38,3.12,3.12,3.91,4.14,3.95,2,
15-1212.00,Information Security Analysts,3,1.88,2.38,2.75,2.62,2.62,3.66,3.7,3.56,2,
15-1221.00,Computer and Information Research Scientists,3.62,2,2.62,3,2.75,2.5,3.23,3.92,4.53,2,
15-1231.00,Computer Network Support Specialists,2.62,2.38,3,2.88,2.25,2.25,3.64,3.88,3.38,2,
15-1232.00,Computer User Support Specialists,2.88,2.5,3.12,2.88,2.62,2.62,4.09,3.39,3.45,2,
15-1241.00,Computer Network Architects,3,2.12,2.38,3.12,3.12,3,2.91,3.86,3.86,2,
15-1241.01,Telecommunications Engineering Specialists,3.12,2.5,2.88,3.12,3,2.75,3.3,3.48,3.62,2,
15-1242.00,Database Administrators,3,1.88,2.38,2.75,2.62,2.12,3.85,3.76,3.8,2,
15-1243.00,Database Architects,3,1.75,1.88,3.12,2.75,2.62,2.83,3.92,4.04,2,
15-1243.01,Data Warehousing Specialists,3,1,1.25,3,2.75,2.62,2.74,3.96,3.96,2,
15-1244.00,Network and Computer Systems Administrators,3.12,2.5,2.75,3,2.75,2.5,3.66,3.95,3.53,2,
15-1251.00,Computer Programmers,3,2,2.25,3.12,2.62,2.12,3.71,4,4.35,2,
15-1253.00,Software Quality Assurance Analysts and Testers,3,2,2.25,2.88,2.5,2.38,3.19,3.5,3.85,2,
15-1254.00,Web Developers,3.12,2,2.75,2.88,2.88,2.75,2.75,3.92,4.38,2,
15-1255.01,Video Game Designers,4,2.25,3,3.12,3.12,2.88,3.33,4.67,4.95,2,
15-1299.01,Web Administrators,3,2,2.75,2.88,2.5,2.5,2.9,4,4.2,2,
15-1299.02,Geographic Information Systems Technologists and Technicians,2.94,2.06,2.87,2.88,2.62,2.5,3.21,4.17,3.95,2,
15-1299.03,Document Management Specialists,3,2,2.5,3,2.88,2.75,3.1,3.3,3.26,2,
15-1299.08,Computer Systems Engineers/Architects,3.88,1.75,2.25,3,3,3,3.1,4.37,4.5,2,
15-1299.09,Information Technology Project Managers,3.25,1,1.75,3.38,3.12,3.38,4.24,3.71,3.75,2,
15-2011.00,Actuaries,3.12,1,1.62,2.88,3,3,2.59,3.22,3.66,2,
15-2021.00,Mathematicians,3.5,1,1.88,2.75,2.62,1.88,2.79,4.29,4.46,2,
15-2031.00,Operations Research Analysts,3.75,1,1.75,2.88,2.75,2.25,2.6,4.35,4.3,2,
15-2041.00,Statisticians,3,1,2.25,2.75,2.62,1.88,2.75,3.6,3.85,2,
15-2041.01,Biostatisticians,3.25,1.5,1.75,2.88,2.75,2,3.08,3.42,3.57,2,
15-2051.01,Business Intelligence Analysts,3.12,1,1.62,2.88,3,2.62,3.05,3.48,3.81,2,
15-2051.02,Clinical Data Managers,3,1.38,1.88,3.12,2.75,2.5,3.3,3.15,3.3,2,
15-2099.01,Bioinformatics Technicians,3,1,2.5,2.88,2.75,2.5,3.18,3.72,4.13,2,
17-1011.00,"Architects, Except Landscape and Naval",4,2,2.25,3.25,3.12,3.12,3.86,3.86,4.48,2,
17-1012.00,Landscape Architects,3.88,2,2.38,3.75,3.12,3,3.39,4.21,4.57,2,0
17-1021.00,Cartographers and Photogrammetrists,3,2.25,2.88,3,2.38,2.38,2.91,3.85,3.86,2,
17-1022.00,Surveyors,2.88,3,3,3,2.75,2.75,3.26,3.33,3.06,2,1
17-1022.01,Geodetic Surveyors,3,2.5,2.75,3,2.5,2.5,3.05,3.35,3.45,2,
17-2011.00,Aerospace Engineers,3.38,1,2.25,3,3.12,3,2.97,3.97,4.3,2,
17-2021.00,Agricultural Engineers,3.38,1.62,2.5,3.25,3,3,3.31,4.04,4.04,2,
17-2031.00,Bioengineers and Biomedical Engineers,3.88,2,2.5,3.12,3.12,3.12,3.53,4.13,4.37,2,
17-2041.00,Chemical Engineers,3.75,1.12,2,3,3,3,2.82,4.19,4.09,2,
17-2051.00,Civil Engineers,3.25,1,2.12,3,3,3,3.1,3.43,3.57,2,0
17-2051.01,Transportation Engineers,3.12,1.75,2.38,2.88,3,3,3.59,3.59,3.59,2,
17-2051.02,Water/Wastewater Engineers,3.62,1,1.62,3,3,3,3.09,3.48,3.65,2,
17-2061.00,Computer Hardware Engineers,3.5,2.25,2.62,2.75,2.62,2.25,2.83,4.1,4.38,2,
17-2071.00,Electrical Engineers,3.25,2,2.5,3.12,3,3,3.5,3.56,3.73,2,
17-2072.00,"Electronics Engineers, Except Computer",3.25,2.75,3.12,3,3,3,3.64,4.3,4.04,2,
17-2072.01,Radio Frequency Identification Device Specialists,3,2.12,2.25,3,2.88,2.5,3.64,4.14,4.32,2,
17-2081.00,Environmental Engineers,3.75,1,1.62,3.12,3.12,3.12,3.45,3.27,3.62,2,
17-2111.00,"Health and Safety Engineers, Except Mining Safety Engineers and Inspectors",3.31,1.5,1.94,3.25,3,2.88,4.01,3.58,3.54,2,
17-2111.02,Fire-Prevention and Protection Engineers,3.25,1,2.12,3,3.12,2.88,3.65,3.6,3.5,2,
17-2112.00,Industrial Engineers,3.25,1.12,1.88,3,2.62,2.38,3.6,3.97,4.02,2,
17-2112.01,Human Factors Engineers and Ergonomists,3.38,1.25,1.75,3.38,2.88,2.88,4,3.57,4,2,
17-2112.02,Validation Engineers,3,1.25,2,3.12,2.88,2.75,3.4,2.9,2.89,2,
17-2112.03,Manufacturing Engineers,3.62,2.38,2.5,3,3.12,3,3.19,3.92,3.85,2,
17-2121.00,Marine Engineers and Naval Architects,3.44,2.06,2.44,3.06,2.88,2.88,2.85,3.81,3.75,2,
17-2131.00,Materials Engineers,3.38,2.38,2.75,3,3,3,3.14,4.33,4.19,2,
17-2141.00,Mechanical Engineers,3.25,1.62,2.62,2.88,3,2.88,3.39,4.64,3.85,2,
17-2141.01,Fuel Cell Engineers,3.25,2.38,2.75,2.88,2.88,2.75,3.12,4.33,4.12,2,
17-2141.02,Automotive Engineers,3.62,1.88,2.62,3,2.88,2.62,3.35,3.87,4.09,2,
17-2151.00,"Mining and Geological Engineers, Including Mining Safety Engineers",3.5,1,1.75,2.88,2.88,2.88,3.38,3.57,3.54,2,
17-2161.00,Nuclear Engineers,3.25,1.62,1.88,3,3,2.88,2.85,2.93,3.15,2,
17-2171.00,Petroleum Engineers,3.38,1,2.12,3.62,3,2.88,3.39,3.77,4.11,2,
17-2199.03,"Energy Engineers, Except Wind and Solar",3.25,1,2,3.25,3,2.88,3.68,4.18,4.27,2,
17-2199.05,Mechatronics Engineers,3.38,1.38,2.38,2.75,3,2.88,3.04,4.52,4.05,2,
17-2199.06,Microsystems Engineers,3.5,2.5,2.62,3,2.88,3,3.05,4.32,4,2,
17-2199.07,Photonics Engineers,3.75,2.5,2.62,2.75,2.62,2.5,2.57,4,4.17,2,
17-2199.08,Robotics Engineers,3.88,3,3.5,3,3,2.88,3.3,4.2,4.47,2,
17-2199.09,Nanosystems Engineers,3.5,2.25,2.75,3.12,2.75,2.75,2.83,4.33,4.29,2,
17-2199.10,Wind Energy Engineers,3.12,1.25,2.5,3.12,3,2.75,3.39,4.01,3.34,2,
17-2199.11,Solar Energy Systems Engineers,3.38,2.25,2.38,2.88,2.88,2.75,3.14,3.73,3.68,2,
17-3011.00,Architectural and Civil Drafters,3,2.12,2.75,2.88,2.69,2.31,2.94,3.8,3.83,2,
17-3012.00,Electrical and Electronics Drafters,2.88,2.06,2.94,2.88,2.75,2.37,3.42,3.62,2.92,2,1
17-3013.00,Mechanical Drafters,3.25,2,3,3,2.38,2.25,3.35,4.02,4.02,2,
17-3021.00,Aerospace Engineering and Operations Technologists and Technicians,2.88,3,3,2.88,2.62,2.5,2.93,3.6,3.21,2,
17-3022.00,Civil Engineering Technologists and Technicians,3,2,2.5,2.88,2.5,2.5,3.74,3.74,3.33,2,
17-3023.00,Electrical and Electronic Engineering Technologists and Technicians,2.88,2.91,3.22,2.84,2.63,2.38,3.4,3.66,3.58,2,
17-3024.00,Electro-Mechanical and Mechatronics Technologists and Technicians,2.62,3.62,3.88,3,2.38,2.12,3.54,3.54,3.09,2,
17-3024.01,Robotics Technicians,3,3.75,3.88,2.88,2.5,2.38,3.05,3.68,3.64,2,
17-3025.00,Environmental Engineering Technologists and Technicians,3,2.88,3,3,2.88,2.88,3.27,2.98,2.89,2,
17-3026.00,Industrial Engineering Technologists and Technicians,3.25,2.12,2.62,2.88,2.88,2.62,3.79,3.75,4.01,2,
17-3026.01,Nanotechnology Engineering Technologists and Technicians,3.06,3,3.13,2.75,2.5,2.38,3.03,3.73,3.69,2,
17-3027.00,Mechanical Engineering Technologists and Technicians,3,2.88,3.12,2.88,2.75,2.75,2.92,3.46,3.92,2,
17-3027.01,Automotive Engineering Technicians,3,3.12,3.38,3,2.38,2.38,3.19,3.89,3.52,2,
17-3029.01,Non-Destructive Testing Specialists,2.62,3,3,2.88,2.62,2.5,3.35,3,2.5,2,
17-3029.08,Photonics Technicians,2.62,3.25,3.5,2.75,2.38,2.25,3.08,3.56,3.42,2,
17-3031.00,Surveying and Mapping Technicians,2.88,2.75,3.31,2.88,2.62,2.38,3.11,3.04,2.83,2,
19-1011.00,Animal Scientists,3.12,1.12,2,3,2.88,2.75,3.54,4.22,4.15,2,
19-1012.00,Food Scientists and Technologists,3.75,2,2.38,3.12,3,3,3.27,4,3.87,2,
19-1013.00,Soil and Plant Scientists,3.88,2,2.62,3,2.88,2.75,3.24,3.76,4.05,2,
19-1021.00,Biochemists and Biophysicists,3.75,2.25,2.62,3,3,2.5,3.1,4.5,4.75,2,
19-1022.00,Microbiologists,3.25,2.75,3,3,2.88,2.88,3.43,3.35,3.48,2,
19-1023.00,Zoologists and Wildlife Biologists,3.12,2,2.62,3.25,3,3,3.48,3.21,3.72,2,0
19-1029.01,Bioinformatics Scientists,3.75,1.75,2.62,3.25,2.88,2.75,2.89,4.23,4.7,2,
19-1029.02,Molecular and Cellular Biologists,3.75,2,2.88,3.25,3.12,3,3.38,3.96,4.27,2,
19-1029.03,Geneticists,3.75,2,2.25,3.5,3.12,3,3.44,3.96,4.12,2,
19-1029.04,Biologists,3.25,2,2.75,3.25,2.75,2.62,3.35,3.28,4.27,2,
19-1031.00,Conservation Scientists,3.12,2.25,2.62,3.38,3,3.12,3.76,3.48,3.52,2,
19-1031.02,Range Managers,3.25,2.12,2,3.12,3,3.25,3.64,3.76,4.05,2,
19-1031.03,Park Naturalists,3.25,2.5,2.5,3.75,3,2.88,4.5,3.72,4.28,2,
19-1032.00,Foresters,3.5,2.12,2.75,3.38,3,3.25,3.52,3.34,3.16,2,
19-1041.00,Epidemiologists,3.62,1.12,2.25,3.75,3.12,2.88,3.43,3.8,3.72,2,
19-1042.00,"Medical Scientists, Except Epidemiologists",3.25,2.25,2.75,3,2.88,2.88,3.53,4.44,4.32,2,
19-2011.00,Astronomers,3.62,1.5,2,3.12,3,2.75,2.68,4.32,4.55,2,
19-2012.00,Physicists,4.12,1,2.38,3.25,3.12,2.75,2.67,4.5,4.14,2,0
19-2021.00,Atmospheric and Space Scientists,3,1.62,2,3.25,3,3,3.05,3.6,3.63,2,
19-2031.00,Chemists,3,2.75,3.38,3,2.62,2.25,3.04,3.54,3.4,2,
19-2032.00,Materials Scientists,3.12,2.12,2.25,3,3,2.62,2.9,4.48,4.43,2,
19-2041.00,"Environmental Scientists and Specialists, Including Health",3.12,1.75,2.5,3.12,3,2.75,3.49,3.36,3.01,2,
19-2041.01,Climate Change Policy Analysts,3.12,1,1.62,3.12,3.12,3,3.26,3.48,3.65,2,
19-2041.02,Environmental Restoration Planners,3.12,1.88,2.25,3.38,3,3.12,3.18,3.45,3.9,2,
19-2041.03,Industrial Ecologists,3.38,1,1,3.12,3,2.62,2.78,3.87,3.87,2,
19-2042.00,"Geoscientists, Except Hydrologists and Geographers",3.12,1.75,1.75,3,2.88,2.62,3.41,3.62,4.25,2,
19-2043.00,Hydrologists,3.25,2.12,2.25,3,3,2.88,3.26,3.65,3.95,2,
19-2099.01,Remote Sensing Scientists and Technologists,3.38,2,2.75,3,2.88,2.62,2.93,4.07,4.07,2,
19-3011.00,Economists,3.12,1,1.5,2.88,3,2.38,2.26,3.91,4.17,2,0
19-3011.01,Environmental Economists,3.25,1,1.62,3,3,2.5,2.26,4.07,3.89,2,
19-3022.00,Survey Researchers,3,1.5,1.88,3,3,2.62,3.12,3.42,4.08,2,
19-3032.00,Industrial-Organizational Psychologists,3.62,1,2.12,3.88,3.5,3,3.78,4.2,3.86,2,
19-3033.00,Clinical and Counseling Psychologists,3.44,1,1.81,4.75,3.63,3.38,4.89,3.64,3.63,2,
19-3034.00,School Psychologists,3,1,1.88,4,3.5,3.38,4.56,3.51,3.28,2,
19-3041.00,Sociologists,3.25,1,1.5,4,3.12,2.88,3.41,4.09,4.32,2,
19-3051.00,Urban and Regional Planners,3.25,1,1.88,3.62,3.12,3.38,4.24,3.52,4.2,2,
19-3091.00,Anthropologists and Archeologists,3.5,1.94,2.44,3.44,2.94,2.56,3.65,3.72,4.33,2,
19-3092.00,Geographers,3.25,1,1.62,3,2.62,2.75,3.3,3.65,3.7,2,
19-3093.00,Historians,3,1.88,1.5,3.38,2.75,2.25,4.09,3.49,4.34,2,
19-3094.00,Political Scientists,3.25,1,1.62,3.75,3,2.88,2.83,3.6,3.9,2,
19-3099.01,Transportation Planners,3.75,1,2,3.25,3.12,3,3.54,3.96,4,2,
19-4012.00,Agricultural Technicians,3,2.5,3,2.88,2.62,2.62,4.33,3.93,3.46,2,
19-4012.01,Precision Agriculture Technicians,3,2.88,2.88,2.88,2.88,2.5,2.96,3.54,3.3,2,
19-4013.00,Food Science Technicians,2.38,2.5,2.88,2.88,2.12,2.12,3.69,3.14,3.34,2,
19-4021.00,Biological Technicians,2.88,2.88,3,2.75,2,1.88,3.63,3.63,3.19,2,
19-4031.00,Chemical Technicians,3,3.12,3.12,2.88,2.62,2.62,3.16,3.49,2.75,2,
19-4042.00,"Environmental Science and Protection Technicians, Including Health",3,2.75,2.88,3.25,3,2.75,3.32,3,2.48,2,
19-4043.00,"Geological Technicians, Except Hydrologic Technicians",2.69,2.38,2.88,2.88,2.75,2.12,2.79,3.36,2.92,2,
19-4051.00,Nuclear Technicians,2.25,2.88,2.88,2.88,2.12,2.12,3.44,2.48,2.71,2,
19-4051.02,Nuclear Monitoring Technicians,3,2.75,2.88,3,2.88,2.75,3.47,2.87,3.08,2,
19-4061.00,Social Science Research Assistants,3,1.25,2.5,2.88,2.5,2.38,3.75,3.05,3.22,2,
19-4071.00,Forest and Conservation Technicians,3,3.12,3,3.12,2.88,2.25,4.02,3.29,3.37,2,
19-4092.00,Forensic Science Technicians,3,3,3.12,3.12,2.88,2.38,3.28,3.77,2.9,2,
19-4099.01,Quality Control Analysts,2.88,2.88,3,3,2.25,2.38,3.64,2.87,2.54,2,
19-4099.03,Remote Sensing Technicians,3.25,2.25,2.75,2.88,2.5,2.5,3.31,3.74,3.57,2,
19-5011.00,Occupational Health and Safety Specialists,3.12,2,2.62,3.75,3.12,3,4.36,3.64,3.45,4,
19-5012.00,Occupational Health and Safety Technicians,2.88,2,2.62,3,2.88,2.88,4.6,3.35,3.3,4,
21-1011.00,Substance Abuse and Behavioral Disorder Counselors,3.12,1.25,1.62,4.12,3.88,3.25,4.97,3.81,3.97,3,0
21-1012.00,"Educational, Guidance, and Career Counselors and Advisors",3.25,1.62,1.5,4.25,3.88,3.75,4.95,3.84,3.64,3,
21-1013.00,Marriage and Family Therapists,3.62,1.12,1.62,4.38,3.62,3.62,4.9,3.79,3.53,3,0
21-1014.00,Mental Health Counselors,3.5,1.38,1.75,4.88,3.5,3.12,4.93,3.43,3.78,3,
21-1015.00,Rehabilitation Counselors,3.12,1.12,1.88,4,3.12,3,4.74,3.81,3.63,3,
21-1021.00,"Child, Family, and School Social Workers",3.12,1.12,1.88,4.12,3.75,3.75,4.62,3.29,4.04,3,
21-1022.00,Healthcare Social Workers,3,1.5,1.88,4.25,3.25,3.12,4.96,3.56,3.52,3,
21-1023.00,Mental Health and Substance Abuse Social Workers,3.75,1.12,1.62,4.25,3.75,3.38,4.95,3.43,3.9,3,
21-1091.00,Health Education Specialists,3.25,2,2.25,3.88,3.12,3,4.41,4.16,4.13,3,
21-1092.00,Probation Officers and Correctional Treatment Specialists,2.75,2,2,4,3.12,3.12,4.24,3.25,3.25,3,
21-1093.00,Social and Human Service Assistants,3,1.5,1.75,4,3.38,3,4.5,3.6,3.69,3,
21-1094.00,Community Health Workers,3,2.38,3,4.12,3.5,3,4.43,4.32,4.02,3,
21-2011.00,Clergy,3.75,1.5,1.88,4.25,3.88,3.88,4.88,4.01,3.87,3,0
21-2021.00,"Directors, Religious Activities and Education",3.12,1.12,1.62,4,3.25,3,4.96,4.05,4.71,3,
23-1011.00,Lawyers,3.62,1.38,2.25,3.75,4,4,3.85,3.35,3.69,3,0
23-1012.00,Judicial Law Clerks,2.75,1.38,1.88,3,2.75,2.75,2.97,2.81,3.23,3,1
23-1021.00,"Administrative Law Judges, Adjudicators, and Hearing Officers",2.88,1.75,1.88,3.88,3,3.25,4.24,3.08,3.08,3,
23-1022.00,"Arbitrators, Mediators, and Conciliators",3,1,1.5,3.62,3.75,4.75,4.48,4.05,3.26,3,
23-1023.00,"Judges, Magistrate Judges, and Magistrates",3,1,1.5,4,3,3.25,4.39,3.28,3.06,3,
23-2011.00,Paralegals and Legal Assistants,2.75,1.5,2.12,2.88,2.75,2.5,3.31,2.95,2.63,3,1
23-2093.00,"Title Examiners, Abstractors, and Searchers",2.12,1.62,2,2.88,2.5,2.12,3.29,2.82,2.43,3,
25-1011.00,"Business Teachers, Postsecondary",3,1,1.75,3.25,2.88,2.75,4.16,4.02,3.95,3,
25-1021.00,"Computer Science Teachers, Postsecondary",3.12,1.38,2.25,3.62,3,3,4.18,4.24,4.35,3,
25-1022.00,"Mathematical Science Teachers, Postsecondary",3.12,1,1.62,3,2.62,2.5,4.05,3.78,3.76,3,
25-1031.00,"Architecture Teachers, Postsecondary",3.25,1,1.88,3.62,3,3,3.7,4.08,4.46,3,
25-1032.00,"Engineering Teachers, Postsecondary",3.25,1,1.62,3,2.88,2.88,3.9,4.35,4.63,3,
25-1041.00,"Agricultural Sciences Teachers, Postsecondary",3.12,2,2.12,3.12,2.75,2.5,4.4,4.42,4.03,3,
25-1042.00,"Biological Science Teachers, Postsecondary",3.12,1.75,1.75,3.25,2.88,2.88,3.97,4.34,4.4,3,
25-1043.00,"Forestry and Conservation Science Teachers, Postsecondary",3,1,1.75,3.25,3,3,3.97,3.86,4.58,3,
25-1051.00,"Atmospheric, Earth, Marine, and Space Sciences Teachers, Postsecondary",3,1,1.75,3.12,2.88,2.88,3.7,3.94,4.09,3,
25-1052.00,"Chemistry Teachers, Postsecondary",3,1.38,1.88,3.25,3,2.38,3.66,4.19,3.91,3,
25-1053.00,"Environmental Science Teachers, Postsecondary",3.12,1,1.62,3,2.88,2.75,3.92,4.29,4.02,3,
25-1054.00,"Physics Teachers, Postsecondary",3,2.12,2.25,3.12,3,2.5,3.77,3.82,4.34,3,
25-1061.00,"Anthropology and Archeology Teachers, Postsecondary",3.25,1.5,1.88,3.38,3,3,4.34,3.95,4.24,3,
25-1062.00,"Area, Ethnic, and Cultural Studies Teachers, Postsecondary",3.12,1,1.62,3.38,3.12,2.62,4.1,4.24,4.42,3,
25-1063.00,"Economics Teachers, Postsecondary",3,1,1.75,3,2.62,2.38,3.5,3.81,4.33,3,
25-1064.00,"Geography Teachers, Postsecondary",3,1,1.5,3.12,3,2.88,3.94,4.12,4.34,3,
25-1065.00,"Political Science Teachers, Postsecondary",3,1,1.25,3.12,3.12,2.88,3.43,4.21,4.27,3,
25-1066.00,"Psychology Teachers, Postsecondary",3.12,1,1.62,3.75,2.62,2.5,4.39,4.09,3.96,3,
25-1067.00,"Sociology Teachers, Postsecondary",3,1,1.62,3.62,2.75,2.62,3.59,3.7,4.47,3,
25-1071.00,"Health Specialties Teachers, Postsecondary",3,1.62,2.12,3.25,3,3,4.35,3.61,4.3,3,
25-1072.00,"Nursing Instructors and Teachers, Postsecondary",3,2.12,2.88,3.75,3.12,3,4.2,4.09,3.98,3,
25-1081.00,"Education Teachers, Postsecondary",3.12,1.75,1.88,3.25,2.88,2.88,3.97,3.61,4.11,3,
25-1082.00,"Library Science Teachers, Postsecondary",2.88,1,1.75,3.25,2.75,2.62,4.26,4.06,4.39,3,
25-1111.00,"Criminal Justice and Law Enforcement Teachers, Postsecondary",3,1,1.62,3.12,2.88,2.75,3.82,3.56,4.21,3,
25-1112.00,"Law Teachers, Postsecondary",3.12,1,1.75,3.12,3,2.88,3.97,3.69,4.2,3,
25-1113.00,"Social Work Teachers, Postsecondary",3.12,1,1.75,3.75,2.88,2.88,4.69,4.12,4.21,3,
25-1121.00,"Art, Drama, and Music Teachers, Postsecondary",3.75,2.12,2.12,3.62,2.75,2.5,4.3,4.16,4.87,3,
25-1122.00,"Communications Teachers, Postsecondary",3,1.12,1.5,3.25,3,3,4.64,4.59,4.48,3,
25-1123.00,"English Language and Literature Teachers, Postsecondary",3.25,1,1.25,3.12,3,3,4.37,3.48,4.48,3,
25-1124.00,"Foreign Language and Literature Teachers, Postsecondary",2.88,1,1.5,3.25,2.75,2.75,4.27,4.07,4.32,3,
25-1125.00,"History Teachers, Postsecondary",3,1,1,3.25,3,3,4.46,4.19,4.46,3,
25-1126.00,"Philosophy and Religion Teachers, Postsecondary",2.88,1,1.62,3.38,2.88,2.38,3.88,3.54,4.24,3,
25-1192.00,"Family and Consumer Sciences Teachers, Postsecondary",3.12,1.12,1.75,3.12,2.75,2.38,4.48,3.77,3.45,3,
25-1193.00,"Recreation and Fitness Studies Teachers, Postsecondary",3,1.12,1.38,3.12,3.12,3,4.16,3.91,3.77,3,
25-1194.00,"Career/Technical Education Teachers, Postsecondary",3,2.5,2.88,3.25,3,3,4.32,4.17,3.31,3,
25-2011.00,"Preschool Teachers, Except Special Education",3.75,2.12,2.12,3.75,3,2.88,4.65,4.12,3.67,3,
25-2012.00,"Kindergarten Teachers, Except Special Education",3.38,1.62,2.25,4.12,3.25,3.12,4.7,4.18,4.25,3,
25-2021.00,"Elementary School Teachers, Except Special Education",3.75,1.38,2.38,3.88,3,3,4.76,4.02,4.1,3,
25-2022.00,"Middle School Teachers, Except Special and Career/Technical Education",3.12,1.12,1.75,4,3.12,3.12,4.48,4.15,4.06,3,
25-2023.00,"Career/Technical Education Teachers, Middle School",3.25,2,2.12,3.88,2.88,2.75,4.55,4.08,4.17,3,
25-2031.00,"Secondary School Teachers, Except Special and Career/Technical Education",3.62,1.38,1.88,3.88,3,3.12,4.59,3.98,4.28,3,
25-2032.00,"Career/Technical Education Teachers, Secondary School",3.25,2.75,2.75,3.75,3.12,3,4.55,3.83,4.02,3,
25-2051.00,"Special Education Teachers, Preschool",2.88,2.12,2,3.88,3,2.88,4.56,4.1,3.41,3,
25-2057.00,"Special Education Teachers, Middle School",3.62,1.12,1.62,3.88,3.25,3.25,4.89,4.18,3.88,3,
25-2058.00,"Special Education Teachers, Secondary School",3.38,1,2,4,3.25,3,4.67,3.76,3.95,3,
25-2059.01,Adapted Physical Education Specialists,3.25,3,2.75,4,3.12,2.88,4.57,4.29,4.05,3,
25-3011.00,"Adult Basic Education, Adult Secondary Education, and English as a Second Language Instructors",3.25,1,1.75,3.5,2.88,3,4.28,3.72,4.12,3,
25-3021.00,Self-Enrichment Teachers,3,1.88,2,3.12,2.62,2.12,4.5,3.85,4.12,3,
25-3041.00,Tutors,3,1.75,2.38,3.62,3,3,4.58,3.38,3.65,3,
25-4011.00,Archivists,2.88,2,2.12,2.75,2.75,2.75,3.42,3.19,3.23,3,
25-4012.00,Curators,3.5,2,2.12,3.25,3,3,3.43,4.06,4.35,3,
25-4013.00,Museum Technicians and Conservators,3.38,3.12,3.25,2.88,2.5,2.5,3.33,4.03,3.58,3,
25-4022.00,Librarians and Media Collections Specialists,3,2.12,2.69,3.06,2.63,2.44,4.02,3.97,3.92,3,
25-4031.00,Library Technicians,2,2.5,2.88,3,2.12,1.75,4.32,3.46,3.08,3,
25-9021.00,Farm and Home Management Educators,3.75,1.88,1.75,3.75,3.12,3,4.1,3.9,3.62,3,
25-9031.00,Instructional Coordinators,3.75,1.25,1.88,3.88,3.25,3.12,4.28,4.24,3.72,3,
25-9044.00,"Teaching Assistants, Postsecondary",3.12,1.62,1.62,3.12,2.38,2.38,4.26,3.56,3.61,3,
27-1011.00,Art Directors,4.12,2.38,2.75,3.38,3.38,3,3.54,4.44,4.91,3,
27-1012.00,Craft Artists,3.88,3.75,3.88,3.12,3,2.12,2.8,4.24,4.6,3,
27-1013.00,"Fine Artists, Including Painters, Sculptors, and Illustrators",4.38,3.38,3.38,2.88,2.38,2,3.87,4,4.8,3,
27-1014.00,Special Effects Artists and Animators,3.5,2.25,2.62,2.88,2.88,2.62,2.82,3.55,4.82,3,
27-1021.00,Commercial and Industrial Designers,3.88,2.12,2.75,3.12,3.12,2.88,3.55,3.94,3.97,3,
27-1022.00,Fashion Designers,4,2.63,3.13,3.88,3.62,3.62,3.68,4.69,4.82,3,0
27-1023.00,Floral Designers,3.62,3.12,3.12,3.38,2.88,2.38,4.05,3.87,3.87,3,
27-1024.00,Graphic Designers,4,2.25,2.75,3.12,2.88,2.88,3.08,4.46,4.77,3,
27-1025.00,Interior Designers,4.12,1.12,1.62,3.75,3.5,3.38,3.71,4.52,4.86,3,
27-1026.00,Merchandise Displayers and Window Trimmers,3.25,3.38,3.25,3,2.88,2.38,3.35,4.09,4.28,3,
27-1027.00,Set and Exhibit Designers,3.88,2.62,2.75,3,3,3,3.71,4.62,4.81,3,
27-2011.00,Actors,3.75,2,2,3.75,2.5,2.5,4.16,4.06,4.41,3,
27-2012.00,Producers and Directors,3.69,2,2.5,3.31,3.12,3.19,3.83,3.92,4.63,3,
27-2012.03,Media Programming Directors,3.88,2,2.38,3.88,3.38,3.62,4.17,4.39,4.65,3,
27-2012.04,Talent Directors,3.62,1.12,1.75,3.88,3.12,3.38,4.27,3.25,4.18,3,
27-2012.05,Media Technical Directors/Managers,3.38,2.25,2.88,3.38,3.38,2.88,3.55,3.3,3.84,3,
27-2021.00,Athletes and Sports Competitors,2.88,3.12,2.75,3.12,3,2.88,3.76,3.09,3.39,3,0
27-2022.00,Coaches and Scouts,3.88,2.38,2,4,3.88,3.62,4.32,3.42,3.99,3,
27-2023.00,"Umpires, Referees, and Other Sports Officials",1.88,1.75,1.88,3,2.75,2.75,3.48,2.43,2.05,3,
27-2031.00,Dancers,2.88,2.12,2,2.88,2.5,2,3.79,3.9,3.35,3,
27-2032.00,Choreographers,4,2.12,2,3.75,3,3,4,4.71,4.95,3,
27-2041.00,Music Directors and Composers,3.81,1.94,2.56,3.25,2.87,2.81,4.16,4.46,4.62,3,
27-2042.00,Musicians and Singers,3.19,2.62,2.5,3,2.63,2.31,3.69,3.15,3.96,3,
27-3011.00,Broadcast Announcers and Radio Disc Jockeys,3.62,2.25,2.25,3.5,2.88,2.88,3.59,3.73,4.4,3,
27-3023.00,"News Analysts, Reporters, and Journalists",3.69,1.94,2.31,3.75,3,2.94,3.54,3.65,3.86,3,
27-3031.00,Public Relations Specialists,3.5,1.12,2.12,4,3.62,3.38,3.71,3.79,4.46,3,
27-3041.00,Editors,3.5,2,2.5,3.12,3,3,3.77,4,4.07,3,
27-3042.00,Technical Writers,2.88,2,2.38,2.75,2.88,2.62,3.53,3.54,3.57,3,1
27-3043.00,Writers and Authors,3.62,1,2.12,3.12,3.12,2.88,3.65,4.61,4.77,3,
27-3043.05,"Poets, Lyricists and Creative Writers",4.25,1.88,2.88,3.12,2.88,2.5,2.46,4.65,4.93,3,
27-3091.00,Interpreters and Translators,3,1.5,2.25,3.12,2.88,2.38,4,3.42,3.54,3,
27-3092.00,Court Reporters and Simultaneous Captioners,1.88,2.25,3,2.62,1.75,1.62,3.42,3.65,1.4,3,
27-4011.00,Audio and Video Technicians,2.88,3,3,3,2.62,2.5,3.71,3.85,4.15,3,
27-4012.00,Broadcast Technicians,3,3,3,3,2.38,2.38,3.52,3.45,3.39,3,
27-4014.00,Sound Engineering Technicians,3.38,2.88,3,3,2.75,2.62,3.92,3.44,4.67,3,
27-4021.00,Photographers,3.88,3,2.88,3.12,2.88,2.75,4.36,3.73,4.59,3,
27-4031.00,"Camera Operators, Television, Video, and Film",3.12,3.12,3.12,3.12,2.88,2.5,3.27,3.37,4.6,3,
27-4032.00,Film and Video Editors,3.5,2.38,2.88,2.88,2.75,2.5,4.16,4.49,4.73,3,
29-1011.00,Chiropractors,2.88,2.88,3,3.75,3,2.62,4.82,3.76,3.39,4,
29-1021.00,"Dentists, General",3.12,3.88,4.25,3.88,3.75,3.12,4.32,3.25,3.64,4,
29-1022.00,Oral and Maxillofacial Surgeons,3.25,3.88,4.12,3.75,2.75,2.62,4.76,3.95,3.63,4,
29-1023.00,Orthodontists,3,3.5,4,3.88,3.12,3,4.23,3.69,3.58,4,
29-1024.00,Prosthodontists,3,3.5,3.75,3.88,2.88,2.75,4.5,4.27,3.48,4,
29-1031.00,Dietitians and Nutritionists,3.5,1.25,1.88,4,3.38,3.12,4.57,3.23,3.33,4,
29-1041.00,Optometrists,2.88,3,3.62,3.88,3.25,3,4.86,3.48,3.29,4,
29-1051.00,Pharmacists,2.88,2.62,3,3.5,3,3,4.59,2.85,3.1,4,
29-1071.00,Physician Assistants,2.88,2.88,3,4,3.25,3.12,4.95,3.03,3.23,4,
29-1071.01,Anesthesiologist Assistants,2.62,3.25,3.12,3.12,2.5,2.38,4.65,3.33,3.3,4,
29-1081.00,Podiatrists,3.12,3,3.25,3.62,3,2.88,4.49,3.71,2.72,4,
29-1122.00,Occupational Therapists,3.75,2.38,3,4,3,3,4.82,3.86,4.05,4,
29-1122.01,"Low Vision Therapists, Orientation and Mobility Specialists, and Vision Rehabilitation Therapists",3.25,1.38,2,3.88,3.12,3,4.78,3.61,3.78,4,
29-1123.00,Physical Therapists,3,3,3.12,4,3,3,4.8,3.76,3.91,4,
29-1124.00,Radiation Therapists,2.25,3,3,3.38,2.62,2.62,4.81,3.69,3.12,4,
29-1125.00,Recreational Therapists,3.25,2.25,2.75,4.12,3.25,3.38,4.69,4.42,4.31,4,
29-1126.00,Respiratory Therapists,2.88,3.12,3.12,3.62,2.88,2.88,4.84,3.82,2.79,4,
29-1127.00,Speech-Language Pathologists,3.25,1.25,2.5,3.88,3,3,4.79,3.72,3.88,4,
29-1128.00,Exercise Physiologists,3.12,2.12,2.38,3.75,3,3,4.55,3.36,3.36,4,
29-1129.01,Art Therapists,3.25,2.75,2.88,4.25,3.12,3,5,4.31,4.84,4,
29-1129.02,Music Therapists,3.62,2.62,2.88,4.25,3.25,3.25,5,4.27,4.96,4,
29-1131.00,Veterinarians,3,3,3.12,3.25,2.88,2.88,4.5,3.79,2.69,4,
29-1141.00,Registered Nurses,3,3.12,3.12,4.12,2.88,2.75,4.49,3.48,3.83,4,0
29-1141.01,Acute Care Nurses,3,1.75,2.75,4,3,3,4.71,3.5,3.26,4,
29-1141.02,Advanced Practice Psychiatric Nurses,3.38,1.25,2.38,4.25,3.5,3.62,4.79,4,4.21,4,
29-1141.03,Critical Care Nurses,3.12,3,3.38,4,3.12,3.12,4.68,3.54,3.39,4,
29-1141.04,Clinical Nurse Specialists,3.25,3,3,4,3.5,3,4.28,4.21,3.9,4,
29-1151.00,Nurse Anesthetists,3.12,3.12,3.12,3.88,3.12,3,4.7,3.52,3.46,4,
29-1161.00,Nurse Midwives,3,3,3,4.12,2.75,2.75,4.91,3.48,3.48,4,
29-1171.00,Nurse Practitioners,3,2.75,2.75,4,3.25,3,4.74,3.48,3.48,4,
29-1181.00,Audiologists,3.12,2.88,3,4,3.12,2.88,4.9,3.64,3.27,4,
29-1211.00,Anesthesiologists,2.88,3,3.25,3.75,3,2.88,4.22,3.34,3.36,4,
29-1213.00,Dermatologists,3,2.88,3,3.88,3.25,3.12,4.74,3.75,2.54,4,
29-1215.00,Family Medicine Physicians,3,2.38,2.62,3.88,3,2.88,4.83,3.22,2.26,4,
29-1216.00,General Internal Medicine Physicians,3,2.12,2.88,4,3.12,3,4.49,3.61,3.09,4,
29-1217.00,Neurologists,3.38,1.5,2.75,4.12,3.5,2.75,4.91,3.77,3.84,4,
29-1218.00,Obstetricians and Gynecologists,3,3,2.88,3.75,3,3,4.84,3.8,2.97,4,
29-1221.00,"Pediatricians, General",3,2.12,2.5,4,3.25,3,4.99,2.92,2.19,4,
29-1222.00,"Physicians, Pathologists",3,2.25,2.75,3.12,3,3,4.13,3.29,3.27,4,
29-1223.00,Psychiatrists,3.25,1,2.38,4.5,3.5,3.25,4.59,3.64,3.5,4,
29-1224.00,Radiologists,3.12,2.38,3,3.75,3,2.75,4.35,3.51,3.1,4,
29-1229.01,Allergists and Immunologists,3.5,1.25,2.62,3.75,3.25,2.88,4.82,3.33,3.55,4,
29-1229.02,Hospitalists,3,2.12,2.75,4.12,3.25,3,4.68,3.12,3.28,4,
29-1229.03,Urologists,3,3.12,3.38,3.5,2.88,2.88,4.87,4.08,3.36,4,
29-1229.04,Physical Medicine and Rehabilitation Physicians,3.38,2.5,2.75,4,3.25,2.62,4.78,3.89,3.6,4,
29-1229.05,Preventive Medicine Physicians,3.62,1.38,1.88,4,3.38,3.12,4.54,3.61,3.46,4,
29-1229.06,Sports Medicine Physicians,3.5,2.75,3.25,3.88,3.5,3,4.86,3.83,3.64,4,
29-1241.00,"Ophthalmologists, Except Pediatric",3.12,3,3.75,3.88,3.5,2.62,4.71,3.7,3.39,4,
29-1291.00,Acupuncturists,2.88,3,3.25,3.75,2.62,2.25,3.92,3.38,3.76,4,
29-1292.00,Dental Hygienists,2.62,3.25,3.88,3.12,3,2.38,4.86,3.2,3.35,4,
29-1299.01,Naturopathic Physicians,3.25,2,2.5,4,3.12,2.88,4.96,3.8,3.72,4,
29-1299.02,Orthoptists,3,2.88,3,3.75,2.88,2.25,4.79,3.14,2.93,4,
29-2011.00,Medical and Clinical Laboratory Technologists,2.75,3,3.12,3,2.88,2.5,4.21,3.06,2.7,4,
29-2011.01,Cytogenetic Technologists,2.88,2.75,3,3,2.38,2.12,3.29,2.85,2.6,4,
29-2011.02,Cytotechnologists,2.25,3,3.62,3,2.25,2,3.59,2.59,2.14,4,
29-2012.00,Medical and Clinical Laboratory Technicians,2.88,3.12,3.62,3,2.5,2.62,4,3.26,2.91,4,
29-2031.00,Cardiovascular Technologists and Technicians,2.5,3.12,3.12,3.62,2.75,2.62,4.67,3.3,2.84,4,
29-2032.00,Diagnostic Medical Sonographers,3,3,3,3.75,3,2.5,4.65,3.64,3.02,4,
29-2033.00,Nuclear Medicine Technologists,2.75,2.88,2.88,3.38,2.75,2.38,4.66,3.57,2.81,4,
29-2034.00,Radiologic Technologists and Technicians,2.75,3.06,3.25,3.38,2.62,2.31,4.56,3.7,3.72,4,
29-2035.00,Magnetic Resonance Imaging Technologists,3,3,3,3,3,2.88,4.52,3.52,3.33,4,
29-2051.00,Dietetic Technicians,3,2.62,2.75,3.12,2.88,2.88,4.72,4.22,3.65,4,
29-2052.00,Pharmacy Technicians,2.12,3,3.12,3.12,2.5,2,4.18,3.21,2.54,4,
29-2053.00,Psychiatric Technicians,3,2.25,2.75,4.12,3.12,3,4.62,3.31,3.7,4,
29-2055.00,Surgical Technologists,2.5,3.38,3,3,2.62,2.62,4.27,3.75,3.05,4,
29-2056.00,Veterinary Technologists and Technicians,2.88,3.12,3.12,3.12,2.88,2.62,3.99,3.14,2.76,4,
29-2057.00,Ophthalmic Medical Technicians,2,2.88,3.12,3.12,2.25,1.88,4.62,3,2.27,4,
29-2061.00,Licensed Practical and Licensed Vocational Nurses,2.62,3,3,4,2.88,2.88,4.54,3.77,2.93,4,
29-2081.00,"Opticians, Dispensing",2.62,3.12,3.5,3.25,3.12,2.88,4.11,3.69,3,4,
29-2091.00,Orthotists and Prosthetists,3.25,3.12,3.25,3.75,3,2.62,4.76,4.04,4.13,4,
29-2092.00,Hearing Aid Specialists,2.5,3.12,3.12,3.25,3.12,2.75,4.74,3.54,3.12,4,
29-2099.01,Neurodiagnostic Technologists,2.62,2.75,3.38,3.25,2.25,2.38,4.58,3.38,2.79,4,
29-2099.05,Ophthalmic Medical Technologists,2.25,2.75,3.12,3.62,2.75,2.38,4.5,2.8,2.25,4,
29-2099.08,Patient Representatives,2.88,1.38,2.25,4,3.62,3,4.97,3.49,2.8,4,
29-9091.00,Athletic Trainers,3.12,3,3,3.75,3,2.75,4.83,3.84,3.98,4,
29-9092.00,Genetic Counselors,3.12,1,2.25,3.88,3,3,4.74,3,2.78,4,
29-9093.00,Surgical Assistants,2.88,3.5,4,3.12,2.75,2.75,4.53,3.68,3.35,4,
29-9099.01,Midwives,2.88,2.5,2.88,4.12,3,2.62,4.89,3.55,3.31,4,
31-1121.00,Home Health Aides,2.75,2.88,2.88,3.5,3.12,2.88,4.5,3.29,3.54,5,
31-1122.00,Personal Care Aides,2.12,2.25,2.88,3.62,2.25,2,4.47,3.46,2.82,5,
31-1131.00,Nursing Assistants,2,2.75,2.75,3.62,2,1.88,4.73,3.78,3.25,5,
31-1132.00,Orderlies,2,3,2.88,3.38,2.25,2.38,4.6,2.77,2.23,5,
31-1133.00,Psychiatric Aides,2.88,2.5,2.62,4,3.12,3.12,4.74,3.8,3.47,5,
31-2011.00,Occupational Therapy Assistants,3,2.88,3,3.62,3,2.88,4.26,3.82,3.61,5,
31-2012.00,Occupational Therapy Aides,2.62,2.88,3,3.62,2.88,2.5,4.67,3.2,3.52,5,
31-2021.00,Physical Therapist Assistants,2.75,3,3,3.75,3,2.25,4.52,3.77,3.52,5,
31-2022.00,Physical Therapist Aides,2.25,2.88,3,3.38,3,2.25,4.47,3.38,3.07,5,
31-9011.00,Massage Therapists,2.75,3.5,3.12,3.25,2,2,4.88,3.65,3.19,5,
31-9091.00,Dental Assistants,2.62,3,3.12,3.12,2.5,2.5,4.16,3.5,3.17,5,
31-9092.00,Medical Assistants,2.75,2.25,3,4,2.75,2.5,4.63,3.61,3.35,5,
31-9093.00,Medical Equipment Preparers,2,3.25,3.25,2.75,2,1.75,4.27,3.63,3.36,5,
31-9094.00,Medical Transcriptionists,1.88,2.62,3,2.75,1.88,1.88,3.21,3.02,1.63,5,1
31-9095.00,Pharmacy Aides,1.88,2.38,3,3.25,2.25,1.88,3.73,2.86,3.23,5,
31-9096.00,Veterinary Assistants and Laboratory Animal Caretakers,2.25,3.12,3,3,2.12,2.12,4.2,2.72,3.03,5,
31-9097.00,Phlebotomists,2.38,3,3.25,3.5,2.5,2,4.82,3.59,2.95,5,
31-9099.01,Speech-Language Pathology Assistants,2.62,2.25,2.5,3.5,2.75,2.62,4.8,4.44,3.3,5,
31-9099.02,Endoscopy Technicians,2.12,3.38,3.38,3.12,2.5,2.38,4.5,3.55,2.84,5,
33-1011.00,First-Line Supervisors of Correctional Officers,2.75,2.38,2.38,4,3.5,3.5,4.16,3.49,3.15,5,
33-1012.00,First-Line Supervisors of Police and Detectives,3.12,2.75,2.75,4,3.75,3.25,4.24,3.55,3.59,5,
33-1021.00,First-Line Supervisors of Firefighting and Prevention Workers,3.12,3.25,2.94,3.63,3.06,2.94,4.41,3.6,3.63,5,
33-2011.00,Firefighters,2.88,3.75,3.31,3.06,2.94,2.88,4.33,3.69,3.09,5,
33-2021.00,Fire Inspectors and Investigators,3,2.75,2.81,3.12,2.94,2.88,4.13,3.56,3.29,5,
33-2022.00,Forest Fire Inspectors and Prevention Specialists,3,2.5,2.5,3,3,2.88,3.87,3.69,3.17,5,
33-3011.00,Bailiffs,2,2,2,4,2.88,2.75,4.05,2.88,2.98,5,
33-3012.00,Correctional Officers and Jailers,2.38,2.88,2.75,4,3.25,3.12,4.06,3.31,2.63,5,
33-3021.00,Detectives and Criminal Investigators,3.12,2.81,2.94,4,3.31,3.06,4.27,3.71,3.77,5,
33-3021.02,Police Identification and Records Officers,2.75,2.75,2.88,3.12,2.75,2.75,3.49,3.61,2.88,5,
33-3021.06,Intelligence Analysts,3.12,1.38,1.75,3.12,3.12,3.12,3.22,3.74,4.04,5,
33-3031.00,Fish and Game Wardens,2.88,2.62,2.62,3.38,3.38,2.88,4.06,3.74,3.95,5,
33-3041.00,Parking Enforcement Workers,2,2.5,2.75,3.12,2.75,2.75,3.69,3.44,3.33,5,
33-3051.00,Police and Sheriff's Patrol Officers,2.88,2.88,2.88,3.88,3.56,3.63,4.33,3.19,3.38,5,
33-3051.04,Customs and Border Protection Officers,2.62,2.75,2.88,3.88,3.12,3,3.61,2.97,3.01,5,
33-3052.00,Transit and Railroad Police,3,3,2.5,3.38,3,3.12,4.19,3.32,3.5,5,
33-9011.00,Animal Control Workers,2.62,3,2.5,3.12,2.88,2.62,4.25,4.08,3.3,5,
33-9021.00,Private Detectives and Investigators,3,2,2.25,3.5,2.88,2.88,3.28,3.64,3.48,5,
33-9031.00,Gambling Surveillance Officers and Gambling Investigators,2.12,2,2.12,3.12,2.5,2.38,3.85,2.81,3.3,5,
33-9032.00,Security Guards,2,1.88,1.88,3,2.75,2.5,3.38,2.59,2.98,5,
33-9091.00,Crossing Guards and Flaggers,1.88,2.38,2,3,2.12,2.12,4.21,2.63,2.33,5,
33-9092.00,"Lifeguards, Ski Patrol, and Other Recreational Protective Service Workers",2,2.12,2,3.38,2.5,2,4.27,2.96,2.63,5,
33-9093.00,Transportation Security Screeners,2.5,3,3,3.25,3,2.62,3.85,2.5,2.26,5,
33-9099.02,Retail Loss Prevention Specialists,2.5,2.12,2.5,3.38,2.75,2.75,4.11,3.68,3.31,5,
35-1011.00,Chefs and Head Cooks,3.38,3.25,3.12,3.62,3.12,3.25,4.03,4.21,4.28,5,0
35-1012.00,First-Line Supervisors of Food Preparation and Serving Workers,2.75,2.5,2.88,3.38,3.25,3,3.99,3.29,2.86,5,
35-2011.00,"Cooks, Fast Food",2,2.88,2.12,2.75,2.25,2.12,3.37,2.56,2.79,5,
35-2012.00,"Cooks, Institution and Cafeteria",2.62,3,3,2.88,2.62,2.5,4.01,3.47,2.73,5,
35-2013.00,"Cooks, Private Household",3,3.25,3.25,3,2.75,1.88,4.04,3.88,3.54,5,
35-2014.00,"Cooks, Restaurant",2.88,3.12,3,2.88,2.38,2.38,3.67,3.67,3.44,5,
35-2015.00,"Cooks, Short Order",2.38,3,3,2.88,2.75,2.62,3.81,3.28,3.16,5,
35-2021.00,Food Preparation Workers,2,3.12,3,3,2.38,2.25,3.61,2.99,3.3,5,
35-3011.00,Bartenders,2.88,3.12,3,3.25,3.12,2.88,3.95,3.58,3.33,5,
35-3023.00,Fast Food and Counter Workers,2.13,2.69,2.75,3,2.69,2.25,3.83,3.2,2.33,5,
35-3023.01,Baristas,2.5,3,3.12,3.12,2.75,2.5,3.79,2.54,2.68,5,
35-3031.00,Waiters and Waitresses,2.12,2.88,2.62,3.5,2.88,2.62,3.96,2.86,2.76,5,0
35-3041.00,"Food Servers, Nonrestaurant",2,2.88,2.25,2.88,2.12,2.12,4.08,3.63,2.69,5,
35-9011.00,Dining Room and Cafeteria Attendants and Bartender Helpers,2,3.12,2.88,2.88,2,2,3.85,2.54,2.99,5,
35-9021.00,Dishwashers,2,3.62,3.12,2.62,2,2,3.83,2.98,2.61,5,1
35-9031.00,"Hosts and Hostesses, Restaurant, Lounge, and Coffee Shop",1.88,2.25,2.5,3.25,2.75,2.88,3.78,2.23,2.61,5,
37-1011.00,First-Line Supervisors of Housekeeping and Janitorial Workers,2.62,3,2.5,3.12,2.88,3,4.26,3.58,3.28,5,
37-1012.00,"First-Line Supervisors of Landscaping, Lawn Service, and Groundskeeping Workers",2.88,3,3,3.25,3.12,2.88,3.79,3.43,3.65,5,
37-2011.00,"Janitors and Cleaners, Except Maids and Housekeeping Cleaners",2,3,2.62,2.75,2,1.88,3.61,2.72,2.32,5,
37-2012.00,Maids and Housekeeping Cleaners,2,2.75,2.5,2.88,2.12,2.12,4.03,2.99,2.19,5,0
37-2021.00,Pest Control Workers,2.75,3,2.88,3.38,3.12,3.12,3.75,3.27,3.36,5,
37-3011.00,Landscaping and Groundskeeping Workers,2,3.38,2.75,2.5,2,1.88,3.82,3.05,3.38,5,
37-3012.00,"Pesticide Handlers, Sprayers, and Applicators, Vegetation",2.38,3.12,2.88,3,2.38,2.38,3.63,3.17,3.09,5,
37-3013.00,Tree Trimmers and Pruners,2.25,3.88,3.12,2.62,2.38,2.25,4.12,3.1,3.07,5,
39-1013.00,First-Line Supervisors of Gambling Services Workers,2.56,1.94,2,3.5,3,3.06,4.05,2.72,2.42,5,
39-1022.00,First-Line Supervisors of Personal Service Workers,3,2.25,2.38,3.75,3.5,3.12,4.69,4.15,3.59,5,
39-2011.00,Animal Trainers,3.12,3,2.88,3,2.88,2.5,3.78,3.79,3.91,5,
39-2021.00,Animal Caretakers,2,2.75,2.62,2.75,1.88,2,4.17,3.17,3.36,5,
39-3011.00,Gambling Dealers,2.12,3,3.12,3.12,2.62,2.38,4.01,3.12,1.75,5,
39-3012.00,Gambling and Sports Book Writers and Runners,2,2.62,2.75,3,2.5,2.25,3.68,2.7,2.35,5,
39-3021.00,Motion Picture Projectionists,2,3,3,2.88,2.12,2,3.1,3.05,1.95,5,
39-3031.00,"Ushers, Lobby Attendants, and Ticket Takers",2.25,2.5,2.5,3.38,2.88,2.88,3.97,2.66,2.27,5,
39-3091.00,Amusement and Recreation Attendants,2,2.62,2,3,2.38,2,4.11,2.73,3.55,5,
39-3092.00,Costume Attendants,3,2.88,3,3,2.75,2.75,4.12,4.07,4.24,5,
39-3093.00,"Locker Room, Coatroom, and Dressing Room Attendants",1.75,2,2,3.12,2.25,2.5,3.89,2.96,2.32,5,
39-4011.00,Embalmers,2.38,3.12,3,3.12,2.25,2.38,4.6,3.67,3.27,5,
39-4021.00,Funeral Attendants,2.12,2,1.88,3.5,2,2,4.33,2.79,3.2,5,
39-4031.00,"Morticians, Undertakers, and Funeral Arrangers",3,2.62,2.62,4.12,3,3.25,4.86,3.73,3.55,5,
39-5011.00,Barbers,2.5,3.38,3.38,3.12,2.25,2,4.16,3.49,3.88,5,
39-5012.00,"Hairdressers, Hairstylists, and Cosmetologists",3.75,3.88,3.88,3.12,2.88,2.75,4.09,3.93,3.83,5,
39-5091.00,"Makeup Artists, Theatrical and Performance",3.38,3.75,3.62,3,2.62,2.5,4.52,4.22,4.7,5,
39-5092.00,Manicurists and Pedicurists,2.62,3,3.12,3,2.62,2.5,3.42,3.04,2.67,5,
39-5093.00,Shampooers,2,3,2.88,2.75,2.38,2.25,4.1,3.25,2.78,5,
39-5094.00,Skincare Specialists,3,3,3.12,3,2.62,2.5,4.9,3.86,3.71,5,
39-6011.00,Baggage Porters and Bellhops,2.38,2.88,2.62,2.88,2.25,2.25,3.9,2.85,2.89,5,
39-6012.00,Concierges,3,1.38,1.62,4.12,3,2.75,4.55,4.14,3.95,5,0
39-7011.00,Tour Guides and Escorts,2.25,1.5,1.38,3.25,2.62,2.12,4.26,3.11,2.94,5,
39-7012.00,Travel Guides,2.88,2.13,2.25,3.5,3.5,3.12,3.66,4.03,3.29,5,
39-9011.00,Childcare Workers,2.88,2.12,2.62,3.25,2.88,2.75,4.46,3.74,3.71,5,0
39-9011.01,Nannies,3.12,2.62,2.5,4,3.5,3.12,4.74,3.52,3.57,5,
39-9031.00,Exercise Trainers and Group Fitness Instructors,3.12,3,2.25,3.25,3,2,4.52,3.71,3.81,5,
39-9032.00,Recreation Workers,3.12,1.75,2,4,3.12,3,4.61,3.95,4.52,5,
39-9041.00,Residential Advisors,2.88,2,2,4,3.38,3.62,4.61,3.56,3.31,5,
41-1011.00,First-Line Supervisors of Retail Sales Workers,3,2.38,2.5,3.5,3.25,3.25,4.39,4.1,2.67,6,
41-1012.00,First-Line Supervisors of Non-Retail Sales Workers,2.88,1.5,2.12,3.88,3.75,3.62,3.82,2.88,3.22,6,
41-2011.00,Cashiers,2.12,2.5,2.75,3,2.62,2.62,3.93,3.47,2.48,6,1
41-2012.00,Gambling Change Persons and Booth Cashiers,2,2.88,3,3,2.62,2.62,4.14,2.31,2.23,6,
41-2021.00,Counter and Rental Clerks,2.25,2,2.38,3.12,2.88,2.88,4.14,3,3.21,6,
41-2022.00,Parts Salespersons,2.88,2.75,2.75,3.5,3.62,3,4.07,3.07,2.95,6,
41-2031.00,Retail Salespersons,2.88,2,2.38,3.5,3.88,3.5,3.59,3.07,3.08,6,
41-3011.00,Advertising Sales Agents,3.25,1,1.62,3.88,4,3.75,3.64,3.78,4.31,6,
41-3021.00,Insurance Sales Agents,2.75,1,1.75,3.12,3.62,3.25,3.82,3,3.13,6,
41-3031.00,"Securities, Commodities, and Financial Services Sales Agents",2.88,1.66,2.09,3.38,3.66,3.25,3.52,3.43,3.11,6,
41-3041.00,Travel Agents,3,1.75,2.25,3.75,3.62,3.12,2.93,2.35,3.03,6,
41-4011.00,"Sales Representatives, Wholesale and Manufacturing, Technical and Scientific Products",3,1,2.38,3.88,4.25,4,3.58,3.79,2.55,6,
41-4011.07,Solar Sales Representatives and Assessors,3.12,1.38,2.38,3.5,3.5,3.38,3.64,2.96,3.62,6,
41-4012.00,"Sales Representatives, Wholesale and Manufacturing, Except Technical and Scientific Products",3,2.12,2.12,3.75,3.75,3.75,3.83,4.22,3.93,6,
41-9011.00,Demonstrators and Product Promoters,2.88,2,2.38,3,3.5,2.38,4.26,3.15,3.31,6,
41-9012.00,Models,2.5,1.5,1.38,2.88,2,2,2.99,2.46,3.52,6,
41-9021.00,Real Estate Brokers,2.5,1.12,1.25,3.38,3.5,3.62,4.35,3.9,3.73,6,
41-9022.00,Real Estate Sales Agents,2.88,1.5,1.75,3.75,3.62,3.88,4,3.16,3.85,6,
41-9031.00,Sales Engineers,3.5,2,2.75,4,4.25,3.75,3.42,3.73,3.96,6,
41-9041.00,Telemarketers,2.13,1.5,2,3.5,4.12,2.75,3.06,2.68,2.51,6,
41-9091.00,"Door-to-Door Sales Workers, News and Street Vendors, and Related Workers",2.88,1.25,1.62,3.75,4,3.25,3.75,2.38,2.88,6,
43-1011.00,First-Line Supervisors of Office and Administrative Support Workers,3.38,1.5,2.62,4,3.62,3.62,4.3,3.62,3.55,7,
43-2011.00,"Switchboard Operators, Including Answering Service",1.88,2.25,2.75,3.5,2.25,2,4.37,2.86,2.43,7,
43-2021.00,Telephone Operators,2.25,1.88,2.88,3.25,2.38,2.25,4.02,3.4,2.64,7,
43-3011.00,Bill and Account Collectors,2.5,1.38,2.12,3.38,3.38,3,3.33,3.5,2.41,7,
43-3021.00,Billing and Posting Clerks,2.06,1.75,2.69,2.94,2.44,2.37,4.04,3.34,2.35,7,
43-3031.00,"Bookkeeping, Accounting, and Auditing Clerks",1.88,2,2.5,2.75,2.25,2.25,3.92,3.37,2.43,7,
43-3041.00,Gambling Cage Workers,2,2,2.5,3.12,2.5,2.5,3.91,2.54,2.04,7,
43-3051.00,Payroll and Timekeeping Clerks,2,1.5,2.25,2.75,2.12,2,4.27,3.37,2.62,7,
43-3061.00,Procurement Clerks,2.38,1.38,1.25,3.5,2.88,2.88,3.83,3.89,2.57,7,
43-3071.00,Tellers,2.25,2.12,2.75,3.12,2.75,2.5,4.09,3.36,2.8,7,
43-4011.00,Brokerage Clerks,2.62,2,2.88,3,2.5,2.88,2.96,3.37,2.07,7,
43-4021.00,Correspondence Clerks,3,1.25,2.62,3.25,2.88,2.88,3.89,3.62,2.93,7,
43-4031.00,"Court, Municipal, and License Clerks",2.12,1.92,2.37,3.04,2.46,2.46,3.97,3.07,2.44,7,
43-4041.00,"Credit Authorizers, Checkers, and Clerks",2.06,1.38,2.31,3.31,2.69,2.94,3.49,3.21,2.3,7,
43-4051.00,Customer Service Representatives,2.75,1.88,2.62,3,3.12,2.88,4.12,3.02,3.1,7,
43-4061.00,"Eligibility Interviewers, Government Programs",2.75,2,2.25,3.75,3,3,4.35,3.11,2.52,7,
43-4071.00,File Clerks,2.88,2.62,2.88,3,2.25,2.38,3.6,3.27,2.5,7,1
43-4081.00,"Hotel, Motel, and Resort Desk Clerks",2.88,2.12,2.5,3.75,2.88,2.88,4.6,3.26,2.87,7,
43-4111.00,"Interviewers, Except Eligibility and Loan",2.5,2,2,3.38,3,3,4.49,3.47,3.15,7,
43-4121.00,"Library Assistants, Clerical",2.12,2,2.5,2.88,2.12,2,4.05,3.37,3.09,7,
43-4131.00,Loan Interviewers and Clerks,2.62,1.38,2.62,3.38,3,2.88,3.54,3.16,3.21,7,
43-4141.00,New Accounts Clerks,2.12,1.88,2.38,3.25,3,2.38,3.99,3.13,2.29,7,
43-4151.00,Order Clerks,2.5,2,2.88,3.38,3.25,3,4.09,2.99,3.37,7,
43-4161.00,"Human Resources Assistants, Except Payroll and Timekeeping",2.5,1,1.75,3.38,2.88,2.62,4.04,3.1,2.72,7,
43-4171.00,Receptionists and Information Clerks,2.5,1.88,2.75,3.12,2.5,2.38,4.38,3.42,2.77,7,
43-4181.00,Reservation and Transportation Ticket Agents and Travel Clerks,2.75,2.12,2.88,3.62,3.25,2.88,4.14,3.56,2.64,7,
43-5011.00,Cargo and Freight Agents,2.25,1.88,2.12,3,2.88,3.12,3.16,2.98,3.09,7,
43-5011.01,Freight Forwarders,2.88,1,2,3.12,3,3.12,3.73,3.41,2.77,7,
43-5021.00,Couriers and Messengers,2.25,3.12,3.12,2.75,2.38,2.12,3.68,2.14,2.09,7,1
43-5031.00,Public Safety Telecommunicators,2.88,2.38,2.75,3.88,3.12,3,4.57,3.32,3.05,7,
43-5032.00,"Dispatchers, Except Police, Fire, and Ambulance",2.75,2,2.62,3.12,2.75,2.62,4.11,3,3,7,
43-5041.00,"Meter Readers, Utilities",2.25,2.88,2.75,2.75,2.5,2.38,3.44,3.33,2.56,7,
43-5051.00,Postal Service Clerks,2,3.12,3,3,2.62,2.25,3.74,3.22,2.55,7,
43-5052.00,Postal Service Mail Carriers,2,2.88,2.88,3,2,2,3.35,2.84,1.72,7,
43-5053.00,"Postal Service Mail Sorters, Processors, and Processing Machine Operators",1.88,3.38,3,2.75,2,1.75,3.28,2.84,2.09,7,
43-5061.00,"Production, Planning, and Expediting Clerks",2.88,2,2.5,2.88,2.88,2.75,3.82,3.37,3.52,7,
43-5071.00,"Shipping, Receiving, and Inventory Clerks",2.12,3,2.88,2.88,2.75,2.38,3.68,3.23,2.84,7,
43-5111.00,"Weighers, Measurers, Checkers, and Samplers, Recordkeeping",2.25,2.75,3,3,2.88,2.5,3.4,3.17,2.78,7,
43-6011.00,Executive Secretaries and Executive Administrative Assistants,3,1.88,2.62,3.25,2.88,3,4.14,3.51,3.73,7,
43-6012.00,Legal Secretaries and Administrative Assistants,2.62,1.75,2.12,3,2.75,2.38,3.87,3.07,2.22,7,
43-6013.00,Medical Secretaries and Administrative Assistants,2,2,2.75,3,2.12,1.88,4.71,2.85,2.98,7,
43-6014.00,"Secretaries and Administrative Assistants, Except Legal, Medical, and Executive",2,2,2.12,3,2.25,2.38,4.25,3.35,3,7,
43-9021.00,Data Entry Keyers,2,2,3.75,2.62,2.38,2.12,4.59,4.34,2.9,7,1
43-9022.00,Word Processors and Typists,1.88,2.12,3,2.62,2.12,2,3.45,3.67,2.73,7,
43-9031.00,Desktop Publishers,3.88,2.38,2.62,3,2.62,2.5,3.62,4.01,4.15,7,
43-9041.00,Insurance Claims and Policy Processing Clerks,2.06,1.88,2.06,2.81,2.44,2.31,3.94,2.91,2.22,7,
43-9051.00,"Mail Clerks and Mail Machine Operators, Except Postal Service",2,3.12,3.12,2.75,1.88,1.75,3.59,2.93,2.78,7,
43-9061.00,"Office Clerks, General",2.12,1.88,2.38,3,2.62,2.62,4,3,2.61,7,
43-9071.00,"Office Machine Operators, Except Computer",2.12,2.75,2.88,2.88,2.25,2.25,3.38,2.71,3.26,7,
43-9081.00,Proofreaders and Copy Markers,1.88,1.88,2,2.25,1.88,1.75,3.44,3.07,2.31,7,
43-9111.00,Statistical Assistants,3,1.5,2.12,2.88,2.75,2.62,3.58,3.2,2.81,7,
45-1011.00,"First-Line Supervisors of Farming, Fishing, and Forestry Workers",2.79,2.97,2.97,3.41,3.06,2.97,3.67,3.39,2.9,8,
45-2011.00,Agricultural Inspectors,2.62,2.5,2.62,2.75,2.88,2.88,3.87,3.06,2.68,8,
45-2021.00,Animal Breeders,1.88,2.88,3,2.62,2.38,1.75,3.5,3.14,2.29,8,
45-2041.00,"Graders and Sorters, Agricultural Products",1.38,3.25,3,2.12,1.88,1.75,3.01,1.88,2.34,8,
45-2091.00,Agricultural Equipment Operators,2.12,3.12,3,2.88,2,2.12,3.32,3.24,3.18,8,
45-2092.00,"Farmworkers and Laborers, Crop, Nursery, and Greenhouse",2,3.19,3,2.69,2.25,2.12,2.82,2.66,2.15,8,
45-2093.00,"Farmworkers, Farm, Ranch, and Aquacultural Animals",2.62,3.12,3.12,2.62,2.5,2.12,3.06,3.41,2.71,8,
45-3031.00,Fishing and Hunting Workers,2.31,3.5,3.25,2.62,2.06,2.25,3.15,3.58,2.96,8,
45-4011.00,Forest and Conservation Workers,2.75,3.25,3,2.88,2.75,2.5,3.35,3.38,3.94,8,
45-4021.00,Fallers,2.13,3.5,2.75,2.25,2.25,2,3.66,3.18,1.52,8,
45-4022.00,Logging Equipment Operators,2.12,3.12,3,2.75,2.38,2.25,3.13,3.2,3.16,8,
45-4023.00,Log Graders and Scalers,2.5,3,3,2.75,2.75,2.62,3.61,3.31,2.93,8,
47-1011.00,First-Line Supervisors of Construction Trades and Extraction Workers,2.88,3.12,3,3.12,3,3,3.78,3.72,3.54,9,
47-1011.03,Solar Energy Installation Managers,3,2.88,3,3.25,3.38,3.38,3.75,3.68,3.87,9,
47-2011.00,Boilermakers,2.38,3.75,3.88,2.75,2.25,2.38,3.48,3.53,3.49,9,
47-2021.00,Brickmasons and Blockmasons,2.62,3.75,3.25,2.75,2.5,2.25,3.84,3.57,3.07,9,
47-2022.00,Stonemasons,2.75,3.5,3.38,3.12,2.88,2.88,3.88,3.55,3.59,9,
47-2031.00,Carpenters,2.88,3.62,3.12,2.81,2.44,2.44,3.61,3.62,3.01,9,
47-2041.00,Carpet Installers,2.25,3.25,3.12,2.88,2.38,2.25,3.58,3.46,3.02,9,
47-2042.00,"Floor Layers, Except Carpet, Wood, and Hard Tiles",2.63,3.13,3.13,2.88,2.38,2.5,3.56,3.39,3.3,9,
47-2043.00,Floor Sanders and Finishers,2,3.62,3.25,2.38,2.12,2,3.34,3.29,3.45,9,
47-2044.00,Tile and Stone Setters,2.75,3.12,3.12,2.75,2.75,2.75,3.22,3.17,3.56,9,
47-2051.00,Cement Masons and Concrete Finishers,2.12,3.88,3.12,2.5,2.12,2,3.32,2.79,3.05,9,
47-2053.00,Terrazzo Workers and Finishers,2,3.75,3.25,2.62,2,1.88,3.31,2.82,3.03,9,
47-2061.00,Construction Laborers,2,3.88,3.12,2.62,2,2,3.45,2.41,3.54,9,
47-2071.00,"Paving, Surfacing, and Tamping Equipment Operators",1.88,3,2.88,2.5,1.88,1.88,3.18,3.22,3.19,9,
47-2072.00,Pile Driver Operators,1.88,3.62,3,2.5,1.88,1.88,3.98,3.18,3.4,9,
47-2073.00,Operating Engineers and Other Construction Equipment Operators,2.12,3.12,3,2.75,2.25,2,3.93,3.93,3.09,9,
47-2081.00,Drywall and Ceiling Tile Installers,2.25,3.62,3.25,2.5,2,1.75,3.59,3.35,2.67,9,
47-2082.00,Tapers,2,3.12,2.88,2.62,2,2,2.9,3.02,2.48,9,
47-2111.00,Electricians,2.75,3.38,3.5,2.75,2.62,2.25,3.34,3.59,3.28,9,
47-2121.00,Glaziers,2.25,3.38,3.25,2.75,2,1.75,3.35,3.44,3.01,9,
47-2131.00,"Insulation Workers, Floor, Ceiling, and Wall",2.38,3.5,3,2.75,2.62,2.5,3.57,3.63,2.89,9,
47-2132.00,"Insulation Workers, Mechanical",2.63,3.38,3.38,3,2.38,2.5,3.9,3.98,3.22,9,
47-2141.00,"Painters, Construction and Maintenance",2.25,3.12,2.88,3,2.12,2.12,3.72,3.85,3.32,9,
47-2142.00,Paperhangers,2,3.62,3.25,2.62,2.12,2,3.87,3.79,2.65,9,
47-2151.00,Pipelayers,2.25,3.12,3,2.88,2.25,2.25,3.62,3.64,3.04,9,
47-2152.00,"Plumbers, Pipefitters, and Steamfitters",2.94,3.62,3.44,2.88,2.5,2.5,3.66,3.71,3.2,9,
47-2152.04,Solar Thermal Installers and Technicians,2.88,3,3.12,2.88,2.75,2.75,4.31,4.07,3.97,9,
47-2161.00,Plasterers and Stucco Masons,2.75,3.62,3,2.75,2.25,2.25,3.38,3.27,3.31,9,
47-2171.00,Reinforcing Iron and Rebar Workers,2.12,3.62,3.25,2.5,1.88,1.88,3.38,3.66,2.81,9,
47-2181.00,Roofers,2.25,3.5,3.12,2.75,2.25,2,4.11,3.77,3.31,9,
47-2211.00,Sheet Metal Workers,2.38,3.25,3.25,2.62,2.12,2,3.35,3.75,3.14,9,1
47-2221.00,Structural Iron and Steel Workers,2.75,4,3.62,2.88,2.38,2.12,3.96,3.39,2.96,9,
47-2231.00,Solar Photovoltaic Installers,2.75,3.12,3.25,2.75,2.5,2.38,3.37,3.22,3.56,9,
47-3011.00,"Helpers--Brickmasons, Blockmasons, Stonemasons, and Tile and Marble Setters",2,3.25,3,2.75,1.88,1.88,3.29,3.03,3.16,9,
47-3012.00,Helpers--Carpenters,2.5,3.25,3,3,2.25,2.12,3.45,4.1,3.55,9,
47-3013.00,Helpers--Electricians,2.12,3.75,3.25,2.38,2,1.88,4.18,4.26,2.36,9,
47-3014.00,"Helpers--Painters, Paperhangers, Plasterers, and Stucco Masons",2.13,3.38,3,2.62,2.25,2.25,3.11,2.96,2.25,9,
47-3015.00,"Helpers--Pipelayers, Plumbers, Pipefitters, and Steamfitters",2.12,3.75,3,2.5,2,2,3.43,3.15,3.99,9,
47-3016.00,Helpers--Roofers,2.25,3.5,3.12,2.62,2,2.12,3.44,3.05,3.71,9,
47-4011.00,Construction and Building Inspectors,2.75,1.62,1.88,3,3,3,3.57,3.09,2.87,9,
47-4011.01,Energy Auditors,3,2.62,2.62,2.88,3,3,3.27,3.36,3.24,9,
47-4021.00,Elevator and Escalator Installers and Repairers,2.88,3.5,3.5,2.88,2.75,2.5,3.69,3.93,3.52,9,
47-4031.00,Fence Erectors,1.88,3.75,3.25,2.62,2,2,3.36,3.47,2.48,9,
47-4041.00,Hazardous Materials Removal Workers,2.75,3.25,3,3,2.88,2.75,4.03,3.64,3.03,9,
47-4051.00,Highway Maintenance Workers,2.12,3.25,3.12,2.88,2.5,2.38,3.86,2.97,3.41,9,
47-4061.00,Rail-Track Laying and Maintenance Equipment Operators,2.25,3.75,3.12,2.75,2.12,1.88,3.85,3.49,3.58,9,
47-4071.00,Septic Tank Servicers and Sewer Pipe Cleaners,2.25,3.75,2.88,2.75,2.38,2.38,3.63,2.99,2.92,9,
47-4091.00,Segmental Pavers,2.62,3.38,3.12,3.12,3,2.62,4.17,3.04,3.29,9,
47-4099.03,Weatherization Installers and Technicians,2.38,3.75,3,2.88,2.75,2.75,4.04,3.35,3.27,9,
47-5011.00,"Derrick Operators, Oil and Gas",2.25,3.75,3.25,2.88,2.5,2.5,3.88,3.52,2.44,9,
47-5012.00,"Rotary Drill Operators, Oil and Gas",2.5,3.75,3.5,2.88,2.88,2.88,3.59,3.57,3.23,9,
47-5013.00,"Service Unit Operators, Oil and Gas",2.62,3.38,3,3,2.75,2.75,3.71,3.34,3.22,9,
47-5022.00,"Excavating and Loading Machine and Dragline Operators, Surface Mining",2,3.88,3.5,3,3,2.38,3.44,3.19,3.39,9,
47-5023.00,"Earth Drillers, Except Oil and Gas",2.38,3.75,3.12,2.62,2.38,2.25,3.72,3.63,3.32,9,
47-5032.00,"Explosives Workers, Ordnance Handling Experts, and Blasters",2.88,4,3.75,2.88,2.5,2.62,3.67,3.42,3.5,9,
47-5041.00,Continuous Mining Machine Operators,2.12,3.38,3,2.75,2.12,2,3.79,3.39,2.92,9,
47-5043.00,"Roof Bolters, Mining",2.12,3.88,3,2.88,2.25,2.12,3.83,3.09,2.37,9,
47-5044.00,"Loading and Moving Machine Operators, Underground Mining",1.62,3.38,2.88,2.62,2.12,2.12,4.01,2.87,2.12,9,
47-5051.00,"Rock Splitters, Quarry",2,3.25,3,2.5,2,1.88,3.45,3.17,2.5,9,
47-5071.00,"Roustabouts, Oil and Gas",2.12,3.62,3,2.62,2.12,2,3.68,2.63,2.64,9,
47-5081.00,Helpers--Extraction Workers,2.38,4,3.38,2.75,2.12,2,3.41,3.12,3.43,9,
49-1011.00,"First-Line Supervisors of Mechanics, Installers, and Repairers",2.75,3,3,3.12,3,3,3.85,3.64,3.71,10,
49-2011.00,"Computer, Automated Teller, and Office Machine Repairers",2.75,3.12,3.5,2.88,2.5,2.75,2.9,3.3,3.19,10,
49-2021.00,"Radio, Cellular, and Tower Equipment Installers and Repairers",2.25,3.12,3.38,2.75,2.5,2.25,3.67,3.86,3.16,10,
49-2022.00,"Telecommunications Equipment Installers and Repairers, Except Line Installers",2.75,3.62,3.62,3,2.62,2.5,3.73,3.3,3.39,10,
49-2091.00,Avionics Technicians,2.88,3.25,3.62,2.88,2.88,2.38,3.56,3.67,3.21,10,
49-2092.00,"Electric Motor, Power Tool, and Related Repairers",2.75,3.75,4,2.75,2.5,2.25,3.65,3.62,3.45,10,
49-2093.00,"Electrical and Electronics Installers and Repairers, Transportation Equipment",2.38,3.62,3.38,3,2.88,2.25,4.12,4.07,3.51,10,
49-2094.00,"Electrical and Electronics Repairers, Commercial and Industrial Equipment",3,3.62,3.62,3,2.88,2.25,3.83,3.71,3.47,10,
49-2095.00,"Electrical and Electronics Repairers, Powerhouse, Substation, and Relay",2.75,3.12,3.25,2.62,2.38,2.5,4.13,3.96,3.21,10,
49-2096.00,"Electronic Equipment Installers and Repairers, Motor Vehicles",2.88,3.5,3.88,2.88,2.75,2.75,3.66,3.68,3.79,10,
49-2097.00,Audiovisual Equipment Installers and Repairers,2.75,3.25,3.75,3,2.62,2.38,3.64,3.47,3.22,10,
49-2098.00,Security and Fire Alarm Systems Installers,2.62,3.38,3.12,2.88,2.12,2,3.81,3.8,3.26,10,
49-3011.00,Aircraft Mechanics and Service Technicians,2.88,3.88,4,3,2.88,2.38,3.09,3.48,3.54,10,
49-3021.00,Automotive Body and Related Repairers,2.88,3.38,3.25,2.88,2.62,2.25,3.01,4.1,3.72,10,
49-3022.00,Automotive Glass Installers and Repairers,2,3.12,3,2.88,2.38,2.38,3.58,3.34,3.03,10,
49-3023.00,Automotive Service Technicians and Mechanics,2.44,3.88,3.88,2.81,2.44,2.38,3.2,3.22,2.97,10,
49-3031.00,Bus and Truck Mechanics and Diesel Engine Specialists,2.62,3.62,3.62,2.75,2.38,2.12,3.64,3.67,2.94,10,
49-3041.00,Farm Equipment Mechanics and Service Technicians,2.12,4,3.88,2.75,2.38,1.88,3.87,3.76,3.3,10,
49-3042.00,"Mobile Heavy Equipment Mechanics, Except Engines",2.75,4,3.88,2.88,2.5,2.38,3.49,3.81,3.72,10,
49-3043.00,Rail Car Repairers,2.75,3.88,3.62,2.75,2.25,2.12,3.44,3.63,3.2,10,
49-3051.00,Motorboat Mechanics and Service Technicians,2.38,3.75,3.62,2.62,2,1.88,3.9,3.54,2.82,10,
49-3052.00,Motorcycle Mechanics,3,3.88,3.88,2.75,2.5,2.12,3.76,3.42,3.68,10,
49-3053.00,Outdoor Power Equipment and Other Small Engine Mechanics,2.62,3.62,3.88,2.75,2.12,2,3.25,3.83,2.93,10,
49-3091.00,Bicycle Repairers,2.75,3.75,3.88,3.25,2.88,2.88,3.54,4.09,2.83,10,
49-3092.00,Recreational Vehicle Service Technicians,2.5,3.75,3.5,2.88,2.62,2.62,3.56,3.35,3.35,10,
49-3093.00,Tire Repairers and Changers,2.12,3.62,3,2.75,2.25,2.25,3.65,3.6,3.07,10,
49-9011.00,Mechanical Door Repairers,2.62,3.88,3.38,3,2.88,2.62,3.72,3.65,3.31,10,
49-9012.00,"Control and Valve Installers and Repairers, Except Mechanical Door",2.88,3.25,3.12,2.88,2,2.12,3.67,3.41,3.13,10,
49-9021.00,"Heating, Air Conditioning, and Refrigeration Mechanics and Installers",2.44,3.5,3.62,3,2.75,2.56,3.75,3.95,3.54,10,
49-9031.00,Home Appliance Repairers,2.88,3.75,3.75,2.75,2.75,2.25,3.85,3,2.77,10,
49-9041.00,Industrial Machinery Mechanics,2.62,3.88,3.88,2.75,2.12,1.88,3.5,3.95,3.51,10,
49-9043.00,"Maintenance Workers, Machinery",2.5,3.25,3.12,2.62,2.25,2.12,3.87,4,3.16,10,
49-9044.00,Millwrights,2.88,4.25,4,3,3,3,3.88,3.65,3.38,10,
49-9045.00,"Refractory Materials Repairers, Except Brickmasons",2.25,3.38,3,2.75,2,2,3.42,2.85,2.75,10,
49-9051.00,Electrical Power-Line Installers and Repairers,2.5,3.62,3.62,2.75,2.62,2,3.77,3.52,2.82,10,
49-9052.00,Telecommunications Line Installers and Repairers,2.5,3.25,3,2.88,2.25,2.12,4.12,3.58,3.41,10,
49-9061.00,Camera and Photographic Equipment Repairers,2.75,3.25,3.62,2.75,2.12,2,2.97,3.5,3.43,10,
49-9062.00,Medical Equipment Repairers,2.88,3.25,3.88,2.75,2.5,2.25,3.61,3.48,3.6,10,
49-9063.00,Musical Instrument Repairers and Tuners,2.75,4,4,3,2.88,2.75,3.24,3.41,3.76,10,
49-9064.00,Watch and Clock Repairers,2.62,3.5,4.12,2.75,2.12,2.25,3.8,3.28,3.18,10,
49-9071.00,"Maintenance and Repair Workers, General",2.38,3.88,3.25,2.75,2.25,2.38,3.68,3.95,3.93,10,
49-9081.00,Wind Turbine Service Technicians,2.75,3.62,3.75,2.75,2,2.12,4.16,3.13,3.07,10,
49-9091.00,"Coin, Vending, and Amusement Machine Servicers and Repairers",2,3.62,3.62,2.62,2,1.88,3.54,3.01,2.32,10,
49-9092.00,Commercial Divers,3,3.75,3.75,3,2.88,3,3.72,4.05,3.24,10,
49-9094.00,Locksmiths and Safe Repairers,2.5,3.12,3.88,2.75,2.5,2.25,3.86,3.86,3.62,10,
49-9095.00,Manufactured Building and Mobile Home Installers,3.13,4,3.88,3,3,3.12,4.12,4.12,3.57,10,
49-9096.00,Riggers,2.38,3.12,3,2.75,2.25,2.12,3.9,3.72,2.84,10,
49-9097.00,Signal and Track Switch Repairers,2,3.62,3.62,2.75,2.12,2.25,3.54,2.83,2.24,10,
49-9098.00,"Helpers--Installation, Maintenance, and Repair Workers",2,3.62,3.25,2.62,1.88,1.88,3.89,3.17,2.97,10,
49-9099.01,Geothermal Technicians,2.75,3,3,2.88,2.25,2.38,3.84,3.31,3.23,10,
51-1011.00,First-Line Supervisors of Production and Operating Workers,3.12,3,2.88,3.75,3,3,4.11,3.81,3.63,11,
51-2011.00,"Aircraft Structure, Surfaces, Rigging, and Systems Assemblers",2.38,3.38,3.5,2.75,2.25,2.25,3.67,3.36,3.72,11,
51-2021.00,"Coil Winders, Tapers, and Finishers",1.75,3.38,3.12,2.62,1.88,1.75,3.96,3.46,2.57,11,
51-2022.00,Electrical and Electronic Equipment Assemblers,2.12,3.38,3.75,2.62,2.12,2.12,2.98,3.03,2.73,11,1
51-2023.00,Electromechanical Equipment Assemblers,2,3.5,3.62,2.5,1.88,1.88,3.24,3.21,2.61,11,
51-2031.00,Engine and Other Machine Assemblers,2.25,3.62,3.5,2.88,2.25,2.12,3.74,3.83,3.01,11,
51-2041.00,Structural Metal Fabricators and Fitters,1.88,3.12,3,2.88,2.12,1.88,4.19,3.43,2.97,11,
51-2051.00,Fiberglass Laminators and Fabricators,2.62,3.12,3,2.75,2.38,2.38,3.36,3.27,2.98,11,
51-2061.00,Timing Device Assemblers and Adjusters,2.25,3.38,4,2.75,2,1.62,2.87,3.24,3.3,11,
51-2092.00,Team Assemblers,2.25,3.75,3.25,3,2.38,2.25,3.57,3.54,2.54,11,
51-3011.00,Bakers,2.75,3,3,2.75,2,2.12,3.74,3.18,2.84,11,
51-3021.00,Butchers and Meat Cutters,2.12,3.5,3,3,2.75,2.75,3.66,2.82,2.89,11,
51-3022.00,"Meat, Poultry, and Fish Cutters and Trimmers",2,3.12,3,2.88,2.25,2.25,3.42,3.19,2.83,11,
51-3023.00,Slaughterers and Meat Packers,1.88,3.25,3.38,2.38,1.88,1.75,3.72,3.29,2.25,11,
51-3091.00,"Food and Tobacco Roasting, Baking, and Drying Machine Operators and Tenders",2.12,3,3,3,2.5,2.25,3.32,3.03,2.77,11,
51-3092.00,Food Batchmakers,2,3,2.88,2.75,2,2,4.01,3.04,2.86,11,
51-3093.00,Food Cooking Machine Operators and Tenders,2,3,3,2.62,2,1.88,3.52,3.05,2.34,11,
51-4021.00,"Extruding and Drawing Machine Setters, Operators, and Tenders, Metal and Plastic",2.25,3.62,3,2.75,2.38,1.75,3.62,3.03,2.9,11,
51-4022.00,"Forging Machine Setters, Operators, and Tenders, Metal and Plastic",2.25,3,3,2.88,2.38,2.25,3.41,3.75,3.41,11,
51-4023.00,"Rolling Machine Setters, Operators, and Tenders, Metal and Plastic",2.25,3.62,3.25,2.88,1.88,2,3.44,3.68,3,11,
51-4031.00,"Cutting, Punching, and Press Machine Setters, Operators, and Tenders, Metal and Plastic",2.25,3.38,3.12,2.5,2,1.88,3.35,3.57,3.3,11,
51-4032.00,"Drilling and Boring Machine Tool Setters, Operators, and Tenders, Metal and Plastic",2.38,3.25,3.12,2.88,2.38,2.38,3.79,2.98,3.06,11,
51-4033.00,"Grinding, Lapping, Polishing, and Buffing Machine Tool Setters, Operators, and Tenders, Metal and Plastic",2,3.75,3.12,2.62,2,2,3.25,3.33,2.34,11,
51-4034.00,"Lathe and Turning Machine Tool Setters, Operators, and Tenders, Metal and Plastic",2.12,3.25,3.38,2.62,1.88,1.75,3.78,3.35,2.89,11,
51-4035.00,"Milling and Planing Machine Setters, Operators, and Tenders, Metal and Plastic",2.5,3.75,3.25,2.62,2,2,2.93,3.07,2.53,11,
51-4041.00,Machinists,2.62,3.62,3.62,2.88,2.25,2.38,3.33,3.86,2.91,11,
51-4051.00,Metal-Refining Furnace Operators and Tenders,2.12,3.75,3,2.88,2.25,2.12,3.54,3.15,2.96,11,
51-4052.00,"Pourers and Casters, Metal",2.25,3.5,3,2.75,2.12,2.12,3.39,3.03,3,11,
51-4061.00,"Model Makers, Metal and Plastic",2.5,3.38,3.25,2.62,2,1.88,3.11,4.36,3.08,11,
51-4062.00,"Patternmakers, Metal and Plastic",2.62,3.25,3.12,2.62,2,2,3.07,3.25,3.39,11,
51-4071.00,Foundry Mold and Coremakers,1.88,3.88,3.62,2.25,1.88,1.88,2.97,3.07,2.55,11,
51-4072.00,"Molding, Coremaking, and Casting Machine Setters, Operators, and Tenders, Metal and Plastic",2.12,3.62,3.12,2.88,2.12,2.12,3.38,3.3,2.38,11,
51-4081.00,"Multiple Machine Tool Setters, Operators, and Tenders, Metal and Plastic",2.62,3.75,3.12,3,2.38,2.25,3.46,3.57,3.73,11,
51-4111.00,Tool and Die Makers,2.75,3.38,3.38,2.5,1.88,1.88,3.47,3.99,3.77,11,
51-4121.00,"Welders, Cutters, Solderers, and Brazers",2.12,3.25,3.19,2.38,2.06,1.94,3.46,3.54,3.09,11,
51-4122.00,"Welding, Soldering, and Brazing Machine Setters, Operators, and Tenders",2,3.38,3.12,2.62,2,2,3.48,3.07,3,11,
51-4191.00,"Heat Treating Equipment Setters, Operators, and Tenders, Metal and Plastic",2,3.5,3.25,2.62,1.88,1.88,3.45,3.22,2.44,11,
51-4192.00,"Layout Workers, Metal and Plastic",2.5,3.5,3.25,2.75,2.12,1.88,3.27,3.64,3.46,11,
51-4193.00,"Plating Machine Setters, Operators, and Tenders, Metal and Plastic",2.25,3.25,3,2.62,2.38,2.38,3.25,3.45,3.25,11,
51-4194.00,"Tool Grinders, Filers, and Sharpeners",2.38,3.88,3.88,2.5,2.25,2.25,3.26,3.52,3.07,11,
51-5111.00,Prepress Technicians and Workers,2.62,2.75,2.88,2.88,2.88,2.62,3.45,3.82,3.98,11,
51-5112.00,Printing Press Operators,2.38,3.25,3.12,2.75,2.38,2,3.19,2.8,3.53,11,
51-5113.00,Print Binding and Finishing Workers,2.38,3.38,3.5,2.62,2.12,2.12,3.12,3.01,3.05,11,
51-6011.00,Laundry and Dry-Cleaning Workers,2,3,2.88,2.88,2.25,2.25,3.63,2.9,2.07,11,
51-6021.00,"Pressers, Textile, Garment, and Related Materials",1.88,3.62,3.12,2,1.75,1.75,3.98,4.12,2.74,11,
51-6031.00,Sewing Machine Operators,1.75,3.62,3.25,2.38,1.75,1.75,3.41,3.01,2.39,11,1
51-6041.00,Shoe and Leather Workers and Repairers,1.63,3.25,3.25,2.75,2.25,1.88,3.06,3.37,2.41,11,
51-6042.00,Shoe Machine Operators and Tenders,2.13,3.38,3.13,2.12,1.88,1.75,3.17,3.36,2.75,11,
51-6051.00,"Sewers, Hand",2.63,4.13,4.13,2.5,2.25,2.12,3.3,4,4.19,11,
51-6052.00,"Tailors, Dressmakers, and Custom Sewers",3,3.12,3.88,2.88,2.12,2.12,3.77,3.56,3.55,11,
51-6061.00,Textile Bleaching and Dyeing Machine Operators and Tenders,2.5,3.13,3.25,2.88,2.12,2.12,3.65,2.79,3,11,
51-6062.00,"Textile Cutting Machine Setters, Operators, and Tenders",2,3.25,3.12,2.5,1.88,1.88,3.44,3.36,2.73,11,
51-6063.00,"Textile Knitting and Weaving Machine Setters, Operators, and Tenders",1.88,3.38,3.63,2.38,1.88,1.75,3.24,3.05,2.27,11,
51-6064.00,"Textile Winding, Twisting, and Drawing Out Machine Setters, Operators, and Tenders",2,3.38,3.38,2.5,1.88,1.88,3.44,3.03,2.42,11,
51-6091.00,"Extruding and Forming Machine Setters, Operators, and Tenders, Synthetic and Glass Fibers",2.25,3.25,3.38,2.62,2.25,2.12,3.53,2.62,2.85,11,
51-6092.00,Fabric and Apparel Patternmakers,3.75,3.12,3.5,2.88,2.62,2.5,3.26,4.14,3.92,11,
51-6093.00,Upholsterers,3,4,4,2.88,2.5,2.38,3.25,3.45,3.5,11,
51-7011.00,Cabinetmakers and Bench Carpenters,2.88,3.88,3.88,2.62,2.25,2,3.71,2.93,3.36,11,
51-7021.00,Furniture Finishers,2.88,3.62,3.12,2.75,2.5,2.25,3.73,3.76,3.64,11,
51-7031.00,"Model Makers, Wood",3,3.25,3.75,2.88,2.38,2.12,3.27,3.99,4.32,11,
51-7032.00,"Patternmakers, Wood",2.88,4,3.38,2.88,1.88,1.75,3.44,3.69,4.34,11,
51-7041.00,"Sawing Machine Setters, Operators, and Tenders, Wood",1.88,3.38,3.25,2.5,1.88,1.88,3.87,3.5,2.47,11,
51-7042.00,"Woodworking Machine Setters, Operators, and Tenders, Except Sawing",2,3.5,3.12,2.25,1.88,1.88,3.1,3.44,2.67,11,
51-8011.00,Nuclear Power Reactor Operators,3,2.38,2.88,3,2.88,2.75,3.21,2.6,2.58,11,
51-8012.00,Power Distributors and Dispatchers,2.75,2.25,2.75,2.75,2.5,2.62,3.58,3.27,3.21,11,
51-8013.00,Power Plant Operators,2.75,2.88,3.12,2.88,2.25,2,3.61,3.11,2.95,11,
51-8013.03,Biomass Plant Technicians,2.75,3,2.88,2.75,2.62,2.75,3.3,2.82,2.77,11,
51-8013.04,Hydroelectric Plant Technicians,2.75,3.38,3.25,3.12,2.5,2.38,3.68,3.74,3.76,11,
51-8021.00,Stationary Engineers and Boiler Operators,2.38,3.12,3,2.88,2.62,2.75,3.43,3.38,3.69,11,
51-8031.00,Water and Wastewater Treatment Plant and System Operators,2.12,3,2.88,2.88,2.25,2.25,3.75,3.11,3.12,11,
51-8091.00,Chemical Plant and System Operators,2.12,3.12,3,2.62,2.38,2.25,3.61,2.7,1.73,11,
51-8092.00,Gas Plant Operators,2.38,2.75,3,2.88,2.5,2.75,3.61,3.7,2.86,11,
51-8093.00,"Petroleum Pump System Operators, Refinery Operators, and Gaugers",2.75,3.13,3.13,2.88,2.38,2.38,3.09,3.37,3.02,11,
51-8099.01,Biofuels Processing Technicians,2.5,3.38,3.25,3.12,2.88,2.88,3.69,3.12,2.69,11,
51-9011.00,Chemical Equipment Operators and Tenders,2.25,3.25,3,2.75,2.12,2,3.88,3.23,2.59,11,
51-9012.00,"Separating, Filtering, Clarifying, Precipitating, and Still Machine Setters, Operators, and Tenders",2.12,3,3,2.75,2.5,2.12,3.25,3,2.81,11,
51-9021.00,"Crushing, Grinding, and Polishing Machine Setters, Operators, and Tenders",2.12,3.62,3,2.75,2.62,2.38,3.78,3.14,2.71,11,
51-9022.00,"Grinding and Polishing Workers, Hand",2.62,3.88,3.75,2.62,2.12,2,3.05,3.05,2.82,11,
51-9023.00,"Mixing and Blending Machine Setters, Operators, and Tenders",2.12,3.25,3,2.88,2.12,2.12,3.98,3.36,2.55,11,
51-9031.00,"Cutters and Trimmers, Hand",2,3.5,2.88,2.75,2.12,2,2.74,2.16,2.41,11,
51-9032.00,"Cutting and Slicing Machine Setters, Operators, and Tenders",2,3.62,3.88,2.75,2,2,3.42,2.78,2.74,11,
51-9041.00,"Extruding, Forming, Pressing, and Compacting Machine Setters, Operators, and Tenders",2.12,3.38,3.25,2.88,2,1.75,3.75,3.55,2.86,11,
51-9051.00,"Furnace, Kiln, Oven, Drier, and Kettle Operators and Tenders",2,3,2.75,2.25,2.12,2.12,3.48,3.22,2.59,11,
51-9061.00,"Inspectors, Testers, Sorters, Samplers, and Weighers",2.25,3,3,2.88,2.25,2.12,3.6,3.58,2.87,11,
51-9071.00,Jewelers and Precious Stone and Metal Workers,3.06,3.44,3.94,2.69,2.62,2.31,3.33,4.11,4.34,11,
51-9071.06,Gem and Diamond Workers,2.5,3.12,3.62,2.75,2.5,2.25,3.37,3.28,3.6,11,
51-9081.00,Dental Laboratory Technicians,2.5,3.12,3.88,2.88,2.12,2.12,3.78,3.69,3.5,11,
51-9082.00,Medical Appliance Technicians,3,3.5,3.62,3.5,2.88,2.75,4.01,3.85,3.58,11,
51-9083.00,Ophthalmic Laboratory Technicians,2.12,3.5,3.62,2.62,2.25,2.12,3.89,3.16,2.28,11,
51-9111.00,Packaging and Filling Machine Operators and Tenders,2.12,3.12,3,2.88,2.25,2.25,3.34,3.21,3.22,11,
51-9123.00,"Painting, Coating, and Decorating Workers",2.25,3.25,3,2.88,2,2,3.13,2.42,2.82,11,
51-9124.00,"Coating, Painting, and Spraying Machine Setters, Operators, and Tenders",2,3.62,3,2.75,2.12,2.12,3.58,2.76,2.4,11,
51-9141.00,Semiconductor Processing Technicians,2.38,3.13,3.25,2.88,2.25,2,3.63,3.29,2.94,11,
51-9151.00,Photographic Process Workers and Processing Machine Operators,2.75,3.12,3,2.88,2.88,2.88,3.83,3.69,3.59,11,
51-9161.00,Computer Numerically Controlled Tool Operators,2.88,3.12,3.12,2.88,2.12,2.12,3.2,3.52,3.39,11,
51-9162.00,Computer Numerically Controlled Tool Programmers,2.88,2.75,3,2.75,2.38,2.38,3.33,3.6,3.84,11,
51-9191.00,Adhesive Bonding Machine Operators and Tenders,2,3.62,3.38,2.88,2,1.88,3.19,3.02,2.2,11,
51-9192.00,"Cleaning, Washing, and Metal Pickling Equipment Operators and Tenders",1.88,3,3,2.75,2,2,2.89,3.47,2.32,11,
51-9193.00,Cooling and Freezing Equipment Operators and Tenders,2.38,3.12,3.12,2.75,2.5,2.38,3.59,3.25,2.59,11,
51-9194.00,Etchers and Engravers,2.62,3.25,3.25,2.75,2.12,2,3.43,3.5,3.52,11,
51-9195.00,"Molders, Shapers, and Casters, Except Metal and Plastic",2.12,3.38,3.25,2.88,2,2,3.24,2.87,2.64,11,
51-9195.03,"Stone Cutters and Carvers, Manufacturing",2.75,3.62,3.5,2.75,2,2.12,3.35,3.07,4.05,11,
51-9195.04,"Glass Blowers, Molders, Benders, and Finishers",2.75,3.62,3.5,2.5,2.38,2.12,3.16,3.32,2.81,11,
51-9195.05,"Potters, Manufacturing",3.12,3.88,3.88,2.88,2,1.75,3.38,4.12,4.12,11,
51-9196.00,"Paper Goods Machine Setters, Operators, and Tenders",2.25,3.12,3.12,2.88,2.38,2.25,3.1,2.85,3.13,11,
51-9197.00,Tire Builders,2,3.75,3.5,2.38,1.88,1.75,3.02,2.47,3.04,11,
51-9198.00,Helpers--Production Workers,1.88,3.25,3.12,2.62,1.88,1.88,3.53,2.65,2.33,11,
53-1041.00,Aircraft Cargo Handling Supervisors,2.88,3,2.75,3.25,2.75,2.5,4.09,3.83,3.15,12,
53-1042.00,"First-Line Supervisors of Helpers, Laborers, and Material Movers, Hand",2.88,2.88,2.75,3.25,3.25,3.25,4.21,3.99,3.09,12,
53-1042.01,Recycling Coordinators,2.62,2.25,2.62,3.25,3.12,2.62,4.16,4.04,3.68,12,
53-1043.00,First-Line Supervisors of Material-Moving Machine and Vehicle Operators,3,2.25,2.62,3.75,3.12,3.38,4.26,3.42,3.62,12,
53-2011.00,"Airline Pilots, Copilots, and Flight Engineers",2.88,3.5,3.12,3.25,2.75,2.62,3.61,2.5,2.64,12,
53-2012.00,Commercial Pilots,2.88,3.5,3.12,3,2.75,2.38,3.91,2.98,2.73,12,
53-2021.00,Air Traffic Controllers,3.38,2.38,2.88,3.38,2.88,2.62,3.63,3.41,3.92,12,
53-2022.00,Airfield Operations Specialists,2.88,2.62,2.25,3.12,2.75,2.88,3.34,3.08,2.93,12,
53-2031.00,Flight Attendants,2.88,2.88,2.75,3.75,3,2.88,4.75,3.25,2.86,12,0
53-3011.00,"Ambulance Drivers and Attendants, Except Emergency Medical Technicians",2.12,3,2.88,3.12,2.75,2.75,4.41,3.29,3.41,12,
53-3031.00,Driver/Sales Workers,2.38,2.88,3,3,2.88,2.75,3.76,3.03,2.87,12,
53-3032.00,Heavy and Tractor-Trailer Truck Drivers,2.25,3.12,2.88,2.75,2.12,2.25,3.45,3,2.86,12,
53-3033.00,Light Truck Drivers,1.88,3,2.88,2.88,2.12,1.88,3.72,2.74,2.65,12,
53-3052.00,"Bus Drivers, Transit and Intercity",2,2.88,2.75,3,2.5,2.12,4.23,2.94,2.53,12,
53-4011.00,Locomotive Engineers,2,3.38,3,2.75,2,2,3.88,3.26,2.69,12,
53-4013.00,"Rail Yard Engineers, Dinkey Operators, and Hostlers",2,3.38,3,2.62,2.38,1.88,4.32,3.32,2.97,12,
53-4022.00,"Railroad Brake, Signal, and Switch Operators and Locomotive Firers",2.06,3.19,3.06,2.81,2.12,2.12,3.46,3.12,2.47,12,
53-4031.00,Railroad Conductors and Yardmasters,2.62,2.75,2.75,2.88,3,2.5,3.84,2.78,2.16,12,
53-4041.00,Subway and Streetcar Operators,2,3.5,3,3,2.75,2.62,3.77,2.66,2.07,12,
53-5011.00,Sailors and Marine Oilers,2.38,3.5,3,2.88,2.75,2.5,4.05,2.63,3.51,12,
53-5021.00,"Captains, Mates, and Pilots of Water Vessels",2.96,3.09,2.88,3.21,2.83,2.71,3.48,3.36,3.14,12,
53-5022.00,Motorboat Operators,2.5,3.75,3.25,3.12,2.38,2.5,4.17,3.93,2.53,12,1
53-5031.00,Ship Engineers,3,3.25,3.38,2.88,2,2,3.57,3.58,3.21,12,
53-6011.00,Bridge and Lock Tenders,2.25,2.62,2.62,2.62,2.62,2.5,3.8,2.3,1.84,12,
53-6021.00,Parking Attendants,2,2.88,2.5,3,2.25,2.38,3.4,2.35,2.22,12,
53-6031.00,Automotive and Watercraft Service Attendants,2.12,3.25,3.25,2.88,2.62,2.62,3.68,3.22,3.03,12,
53-6041.00,Traffic Technicians,3,2.12,2.75,3,2.88,2.75,3.76,3.6,3.06,12,
53-6051.00,Transportation Inspectors,2.38,2.38,2.75,3,2.62,2.5,3.57,3.54,2.95,12,
53-6051.01,Aviation Inspectors,2.88,3,2.88,3,2.88,2.88,4.19,3.15,3.98,12,
53-6051.07,"Transportation Vehicle, Equipment and Systems Inspectors, Except Aviation",2,2.88,2.88,2.75,2.12,2.12,3.82,3.47,2.07,12,
53-6061.00,Passenger Attendants,2.25,2.38,2.12,3.75,3,2.88,4.5,2.74,2.15,12,
53-7011.00,Conveyor Operators and Tenders,2.12,3.12,3,2.75,2.5,2.12,4.28,2.52,3.03,12,
53-7021.00,Crane and Tower Operators,2.38,3.5,3,2.5,2.25,2.12,3.73,2.98,3.04,12,
53-7031.00,Dredge Operators,2,3.38,3.12,2.75,2.25,2.25,4.28,3.09,2.7,12,
53-7041.00,Hoist and Winch Operators,2.5,3.38,3.13,3.12,2.75,2.62,3.71,3.07,2.49,12,
53-7051.00,Industrial Truck and Tractor Operators,1.88,3.5,3,2.62,2,2,3.61,2.94,3.13,12,1
53-7061.00,Cleaners of Vehicles and Equipment,1.5,3.12,2.5,2.38,1.88,1.88,3.73,3.58,2.03,12,
53-7062.00,"Laborers and Freight, Stock, and Material Movers, Hand",1.88,3.12,2.75,2.38,2,2,2.83,2.43,2.09,12,
53-7062.04,Recycling and Reclamation Workers,2,3.75,3.25,2.62,2,1.88,3.52,3.31,2.52,12,
53-7063.00,Machine Feeders and Offbearers,2,3,2.88,2.5,2,1.88,3.69,2.83,2.03,12,
53-7064.00,"Packers and Packagers, Hand",1.62,3,2.75,2.12,1.62,1.62,3.37,3.36,2.73,12,
53-7065.00,Stockers and Order Fillers,1.91,2.94,2.47,2.75,2.34,2.22,3.28,2.71,2.54,12,
53-7071.00,Gas Compressor and Gas Pumping Station Operators,2.5,3.88,3.88,2.75,2.25,2.25,4.15,3.44,3.12,12,
53-7072.00,"Pump Operators, Except Wellhead Pumpers",2.12,3.12,3,2.75,2.38,2.25,2.25,2.46,3.41,12,
53-7073.00,Wellhead Pumpers,2.12,3.12,2.75,2.5,2,2,3.99,3.49,3.34,12,
53-7081.00,Refuse and Recyclable Material Collectors,2.12,3.12,3,2.88,2.38,2.25,4.06,3.56,3.01,12,
53-7121.00,"Tank Car, Truck, and Ship Loaders",2.38,3.75,3.12,2.62,2,2.25,3.89,3.22,3.44,12,